Server ID,Sponsor,Server Name,Timestamp,Distance,Ping,Download,Upload,Share,IP Address
Server ID,Sponsor,Server Name,Timestamp,Distance,Ping,Download,Upload,Share,IP Address
Server ID,Sponsor,Server Name,Timestamp,Distance,Ping,Download,Upload,Share,IP Address
35029,Lemon Clove Pte.Limited,"Santa Clara, CA",2020-08-20T20:45:04.250351Z,2.249006261808557,3.656,1364228859.5663228,1249378161.2480307,,165.227.58.96
35029,Lemon Clove Pte.Limited,"Santa Clara, CA",2020-08-20T20:45:08.438684Z,2.249006261808557,1.64,1399374960.0016208,1482270947.0088217,,165.227.58.96
35029,Lemon Clove Pte.Limited,"Santa Clara, CA",2020-08-20T20:45:12.354389Z,2.249006261808557,1.701,1682021686.2897968,1336403428.2484138,,165.227.58.96
35029,Lemon Clove Pte.Limited,"Santa Clara, CA",2020-08-20T20:45:15.935236Z,2.249006261808557,1.68,1403901482.6876214,1574246276.7519867,,165.227.58.96
35029,Lemon Clove Pte.Limited,"Santa Clara, CA",2020-08-20T20:45:19.753677Z,2.249006261808557,2.019,1488101517.93369,1724622922.185304,,165.227.58.96
35029,Lemon Clove Pte.Limited,"Santa Clara, CA",2020-08-20T20:45:23.360790Z,2.249006261808557,3.323,1134341161.5206132,1515029229.0363317,,165.227.58.96
35029,Lemon Clove Pte.Limited,"Santa Clara, CA",2020-08-20T20:45:27.775390Z,2.249006261808557,1.649,999646898.7759963,1802987287.402937,,165.227.58.96
35029,Lemon Clove Pte.Limited,"Santa Clara, CA",2020-08-20T20:45:32.494206Z,2.249006261808557,1.802,1247394951.5976582,1749170902.6967676,,165.227.58.96
35029,Lemon Clove Pte.Limited,"Santa Clara, CA",2020-08-20T20:45:36.588249Z,2.249006261808557,1.674,1454612728.130271,1738414468.413734,,165.227.58.96
35029,Lemon Clove Pte.Limited,"Santa Clara, CA",2020-08-20T20:45:40.334054Z,2.249006261808557,1.615,2015635017.0208068,1536360804.33018,,165.227.58.96
35029,Lemon Clove Pte.Limited,"Santa Clara, CA",2020-08-20T20:45:43.491286Z,2.249006261808557,1.63,1667501666.7666776,1812258536.6680884,,165.227.58.96
35029,Lemon Clove Pte.Limited,"Santa Clara, CA",2020-08-20T20:45:47.077076Z,2.249006261808557,1.53,1653928481.6496682,1525553983.6660433,,165.227.58.96
35029,Lemon Clove Pte.Limited,"Santa Clara, CA",2020-08-20T20:45:50.567147Z,2.249006261808557,1.664,1793401323.8733473,1394457713.4365234,,165.227.58.96
35029,Lemon Clove Pte.Limited,"Santa Clara, CA",2020-08-20T20:45:54.019568Z,2.249006261808557,1.885,1876575296.8823848,1517031101.9910636,,165.227.58.96
35029,Lemon Clove Pte.Limited,"Santa Clara, CA",2020-08-20T20:45:57.305030Z,2.249006261808557,1.591,1360595937.088835,1354269461.8611662,,165.227.58.96
35029,Lemon Clove Pte.Limited,"Santa Clara, CA",2020-08-20T20:46:01.393153Z,2.249006261808557,2.052,1421623517.5479271,1701016000.5120132,,165.227.58.96
35029,Lemon Clove Pte.Limited,"Santa Clara, CA",2020-08-20T20:46:05.134027Z,2.249006261808557,3.007,1722597166.5616245,1555914809.6649148,,165.227.58.96
35029,Lemon Clove Pte.Limited,"Santa Clara, CA",2020-08-20T20:46:08.565232Z,2.249006261808557,1.642,1655765561.0885355,1718470237.4851384,,165.227.58.96
35029,Lemon Clove Pte.Limited,"Santa Clara, CA",2020-08-20T20:46:11.932417Z,2.249006261808557,1.706,1842166056.2615771,1514359672.038511,,165.227.58.96
35029,Lemon Clove Pte.Limited,"Santa Clara, CA",2020-08-20T20:46:15.261384Z,2.249006261808557,1.636,1857461011.3951693,1091628846.3549166,,165.227.58.96
35029,Lemon Clove Pte.Limited,"Santa Clara, CA",2020-08-20T20:46:18.860232Z,2.249006261808557,1.75,1060707121.2868558,1438040238.8403287,,165.227.58.96
35029,Lemon Clove Pte.Limited,"Santa Clara, CA",2020-08-20T20:46:23.516783Z,2.249006261808557,1.548,1436621851.801099,1116138961.6913128,,165.227.58.96
35029,Lemon Clove Pte.Limited,"Santa Clara, CA",2020-08-20T20:46:27.685729Z,2.249006261808557,1.749,1515553960.098147,1516400413.4562576,,165.227.58.96
35029,Lemon Clove Pte.Limited,"Santa Clara, CA",2020-08-20T20:46:31.366012Z,2.249006261808557,3.119,1624581704.6380866,1510357838.3230355,,165.227.58.96
35029,Lemon Clove Pte.Limited,"Santa Clara, CA",2020-08-20T20:46:34.954081Z,2.249006261808557,1.739,1647409489.9112773,1595631723.2157354,,165.227.58.96
35029,Lemon Clove Pte.Limited,"Santa Clara, CA",2020-08-20T20:46:38.445324Z,2.249006261808557,1.702,1811412726.161421,1561010738.400691,,165.227.58.96
35029,Lemon Clove Pte.Limited,"Santa Clara, CA",2020-08-20T20:46:41.765954Z,2.249006261808557,1.682,1849379734.694479,1814150242.9712164,,165.227.58.96
35029,Lemon Clove Pte.Limited,"Santa Clara, CA",2020-08-20T20:46:44.969290Z,2.249006261808557,1.561,1816271757.594003,1518149093.6433754,,165.227.58.96
35029,Lemon Clove Pte.Limited,"Santa Clara, CA",2020-08-20T20:46:48.254409Z,2.249006261808557,1.622,1767386249.1653104,1649633566.755864,,165.227.58.96
35029,Lemon Clove Pte.Limited,"Santa Clara, CA",2020-08-20T20:46:51.565580Z,2.249006261808557,1.654,1814922102.5428922,1720217393.2999632,,165.227.58.96
35029,Lemon Clove Pte.Limited,"Santa Clara, CA",2020-08-20T20:46:54.824340Z,2.249006261808557,1.586,1902629741.4898648,1561690203.2074065,,165.227.58.96
35029,Lemon Clove Pte.Limited,"Santa Clara, CA",2020-08-20T20:46:58.066284Z,2.249006261808557,1.514,1802067164.6219473,1624676740.9369602,,165.227.58.96
35029,Lemon Clove Pte.Limited,"Santa Clara, CA",2020-08-20T20:47:01.331487Z,2.249006261808557,1.742,1732975641.3029046,1489080716.2909827,,165.227.58.96
35029,Lemon Clove Pte.Limited,"Santa Clara, CA",2020-08-20T20:47:04.744695Z,2.249006261808557,1.55,1924129082.167484,1683675171.0124931,,165.227.58.96
35029,Lemon Clove Pte.Limited,"Santa Clara, CA",2020-08-20T20:47:07.876538Z,2.249006261808557,1.658,1824390518.9779103,1615805317.8281286,,165.227.58.96
35029,Lemon Clove Pte.Limited,"Santa Clara, CA",2020-08-20T20:47:11.103476Z,2.249006261808557,1.852,1635904672.4702103,1400939730.977485,,165.227.58.96
35029,Lemon Clove Pte.Limited,"Santa Clara, CA",2020-08-20T20:47:14.670148Z,2.249006261808557,1.597,1663519305.835658,1508833944.8034627,,165.227.58.96
35029,Lemon Clove Pte.Limited,"Santa Clara, CA",2020-08-20T20:47:18.150991Z,2.249006261808557,1.584,1903620710.7132854,1556327767.1330924,,165.227.58.96
35029,Lemon Clove Pte.Limited,"Santa Clara, CA",2020-08-20T20:47:21.436729Z,2.249006261808557,1.748,1725042918.83707,1833839829.1009061,,165.227.58.96
35029,Lemon Clove Pte.Limited,"Santa Clara, CA",2020-08-20T20:47:24.713832Z,2.249006261808557,1.791,1720861435.3431811,1496515078.5966063,,165.227.58.96
35029,Lemon Clove Pte.Limited,"Santa Clara, CA",2020-08-20T20:47:28.111499Z,2.249006261808557,1.792,1606725547.9568486,1760558297.2670097,,165.227.58.96
35029,Lemon Clove Pte.Limited,"Santa Clara, CA",2020-08-20T20:47:31.763822Z,2.249006261808557,1.739,1374455714.108515,1608791188.0051327,,165.227.58.96
35029,Lemon Clove Pte.Limited,"Santa Clara, CA",2020-08-20T20:47:35.721094Z,2.249006261808557,1.701,1446684508.7245886,1554112748.3893816,,165.227.58.96
35029,Lemon Clove Pte.Limited,"Santa Clara, CA",2020-08-20T20:47:39.524334Z,2.249006261808557,1.759,1528906171.6598527,1561775750.845422,,165.227.58.96
35029,Lemon Clove Pte.Limited,"Santa Clara, CA",2020-08-20T20:47:43.246099Z,2.249006261808557,1.455,1818479586.005323,1544267258.960084,,165.227.58.96
35029,Lemon Clove Pte.Limited,"Santa Clara, CA",2020-08-20T20:47:46.522493Z,2.249006261808557,1.64,1813827551.0812926,1580455216.93716,,165.227.58.96
35029,Lemon Clove Pte.Limited,"Santa Clara, CA",2020-08-20T20:47:49.800867Z,2.249006261808557,1.854,1457078857.1718173,1554135427.7922401,,165.227.58.96
35029,Lemon Clove Pte.Limited,"Santa Clara, CA",2020-08-20T20:47:53.565703Z,2.249006261808557,1.544,1373890907.9260817,1428102344.0657504,,165.227.58.96
35029,Lemon Clove Pte.Limited,"Santa Clara, CA",2020-08-20T20:47:57.529883Z,2.249006261808557,1.745,1587510908.6951566,1519132903.2966065,,165.227.58.96
35029,Lemon Clove Pte.Limited,"Santa Clara, CA",2020-08-20T20:48:01.104400Z,2.249006261808557,3.152,1677229155.8849804,1443051957.4571917,,165.227.58.96
35029,Lemon Clove Pte.Limited,"Santa Clara, CA",2020-08-20T20:48:04.650744Z,2.249006261808557,1.679,1679148804.0723324,1450071166.345487,,165.227.58.96
35029,Lemon Clove Pte.Limited,"Santa Clara, CA",2020-08-20T20:48:08.165066Z,2.249006261808557,1.732,1897290116.375071,1610153086.8834865,,165.227.58.96
35029,Lemon Clove Pte.Limited,"Santa Clara, CA",2020-08-20T20:48:11.330374Z,2.249006261808557,1.734,1619708819.4631298,1600489582.0587277,,165.227.58.96
35029,Lemon Clove Pte.Limited,"Santa Clara, CA",2020-08-20T20:48:15.906564Z,2.249006261808557,1.956,1590397093.015282,1491293075.2761016,,165.227.58.96
35029,Lemon Clove Pte.Limited,"Santa Clara, CA",2020-08-20T20:48:19.515817Z,2.249006261808557,1.64,1700036004.8309305,1575681389.2180371,,165.227.58.96
35029,Lemon Clove Pte.Limited,"Santa Clara, CA",2020-08-20T20:48:22.937548Z,2.249006261808557,1.799,1785902155.854999,1514811564.5408475,,165.227.58.96
35029,Lemon Clove Pte.Limited,"Santa Clara, CA",2020-08-20T20:48:26.305042Z,2.249006261808557,1.75,1601823123.836662,1429992181.1040883,,165.227.58.96
35029,Lemon Clove Pte.Limited,"Santa Clara, CA",2020-08-20T20:48:29.994921Z,2.249006261808557,3.44,1478626729.8646505,1585897259.6710327,,165.227.58.96
35029,Lemon Clove Pte.Limited,"Santa Clara, CA",2020-08-20T20:48:33.669459Z,2.249006261808557,1.7,1543586964.9041831,1580747163.4910138,,165.227.58.96
35029,Lemon Clove Pte.Limited,"Santa Clara, CA",2020-08-20T20:48:37.368085Z,2.249006261808557,1.632,1411659106.8450105,1585962606.5097768,,165.227.58.96
35029,Lemon Clove Pte.Limited,"Santa Clara, CA",2020-08-20T20:48:41.175936Z,2.249006261808557,1.661,1516133385.7334375,1609484955.726532,,165.227.58.96
35029,Lemon Clove Pte.Limited,"Santa Clara, CA",2020-08-20T20:48:44.864534Z,2.249006261808557,1.951,1924229965.9689944,1683567255.4368227,,165.227.58.96
35029,Lemon Clove Pte.Limited,"Santa Clara, CA",2020-08-20T20:48:48.061887Z,2.249006261808557,1.876,1746486143.2367563,1735030462.9762552,,165.227.58.96
35029,Lemon Clove Pte.Limited,"Santa Clara, CA",2020-08-20T20:48:51.339741Z,2.249006261808557,1.633,1891398067.5101078,1682836014.5760608,,165.227.58.96
35029,Lemon Clove Pte.Limited,"Santa Clara, CA",2020-08-20T20:48:54.524647Z,2.249006261808557,1.779,1897135250.9508827,1566972981.3256288,,165.227.58.96
35029,Lemon Clove Pte.Limited,"Santa Clara, CA",2020-08-20T20:48:57.699664Z,2.249006261808557,1.703,1998453190.7866862,1386334714.2868133,,165.227.58.96
35029,Lemon Clove Pte.Limited,"Santa Clara, CA",2020-08-20T20:49:00.911581Z,2.249006261808557,1.544,1638004675.7074733,1004786904.3382959,,165.227.58.96
35029,Lemon Clove Pte.Limited,"Santa Clara, CA",2020-08-20T20:49:05.120320Z,2.249006261808557,1.795,1885540451.415655,1632502782.1915326,,165.227.58.96
35029,Lemon Clove Pte.Limited,"Santa Clara, CA",2020-08-20T20:49:08.330904Z,2.249006261808557,1.623,1936759413.621806,1512931119.5883844,,165.227.58.96
35029,Lemon Clove Pte.Limited,"Santa Clara, CA",2020-08-20T20:49:11.535057Z,2.249006261808557,1.912,1820335587.0322123,1293489044.692904,,165.227.58.96
35029,Lemon Clove Pte.Limited,"Santa Clara, CA",2020-08-20T20:49:14.992669Z,2.249006261808557,3.372,1895958818.7787662,1517862541.9621506,,165.227.58.96
35029,Lemon Clove Pte.Limited,"Santa Clara, CA",2020-08-20T20:49:18.270855Z,2.249006261808557,1.745,1711806456.530645,1400324248.7840023,,165.227.58.96
35029,Lemon Clove Pte.Limited,"Santa Clara, CA",2020-08-20T20:49:21.813368Z,2.249006261808557,1.576,1537307129.4779928,1343706511.3576806,,165.227.58.96
35029,Lemon Clove Pte.Limited,"Santa Clara, CA",2020-08-20T20:49:25.547185Z,2.249006261808557,1.57,1615428592.1897812,1542504125.561833,,165.227.58.96
35029,Lemon Clove Pte.Limited,"Santa Clara, CA",2020-08-20T20:49:29.126054Z,2.249006261808557,1.814,1801628900.579429,1094945409.2899475,,165.227.58.96
35029,Lemon Clove Pte.Limited,"Santa Clara, CA",2020-08-20T20:49:32.843360Z,2.249006261808557,1.572,1915774134.0743153,1288803922.7502103,,165.227.58.96
25606,Next Level Networks,"Santa Clara, CA",2020-08-20T20:49:36.183196Z,2.249006261808557,4.595,786852107.0481912,679739613.1607933,,165.227.58.96
35029,Lemon Clove Pte.Limited,"Santa Clara, CA",2020-08-20T20:49:42.943469Z,2.249006261808557,1.686,1483841207.3277845,1585224718.5083852,,165.227.58.96
35029,Lemon Clove Pte.Limited,"Santa Clara, CA",2020-08-20T20:49:46.646481Z,2.249006261808557,1.62,1585900172.3097665,1270056870.1772876,,165.227.58.96
35029,Lemon Clove Pte.Limited,"Santa Clara, CA",2020-08-20T20:49:50.370313Z,2.249006261808557,1.739,1639963786.5722287,1267839962.1288428,,165.227.58.96
35029,Lemon Clove Pte.Limited,"Santa Clara, CA",2020-08-20T20:49:54.061447Z,2.249006261808557,1.736,1765329298.8194053,1352666428.7932777,,165.227.58.96
35029,Lemon Clove Pte.Limited,"Santa Clara, CA",2020-08-20T20:49:57.641141Z,2.249006261808557,1.695,1702021870.547366,1576453887.567789,,165.227.58.96
35029,Lemon Clove Pte.Limited,"Santa Clara, CA",2020-08-20T20:50:01.074409Z,2.249006261808557,1.86,201228964.76472983,1780923130.1246023,,165.227.58.96
35029,Lemon Clove Pte.Limited,"Santa Clara, CA",2020-08-20T20:50:12.624051Z,2.249006261808557,1.615,477843018.7254193,1858647728.4226828,,165.227.58.96
35030,Lemon Clove Pte.Limited,"Santa Clara, CA",2020-08-20T20:50:20.819141Z,2.249006261808557,1.71,1419114188.7396016,1040684367.1240128,,165.227.58.96
35029,Lemon Clove Pte.Limited,"Santa Clara, CA",2020-08-20T20:50:25.108562Z,2.249006261808557,1.568,1782813061.2537656,1314765919.1751537,,165.227.58.96
35029,Lemon Clove Pte.Limited,"Santa Clara, CA",2020-08-20T20:50:28.600595Z,2.249006261808557,1.755,1654992628.6427922,1440099458.8645246,,165.227.58.96
35029,Lemon Clove Pte.Limited,"Santa Clara, CA",2020-08-20T20:50:32.138649Z,2.249006261808557,1.735,1829171370.121522,1555776264.6820061,,165.227.58.96
35030,Lemon Clove Pte.Limited,"Santa Clara, CA",2020-08-20T20:50:35.455478Z,2.249006261808557,3.423,1729281416.8369193,1606728495.9695098,,165.227.58.96
35029,Lemon Clove Pte.Limited,"Santa Clara, CA",2020-08-20T20:50:38.828615Z,2.249006261808557,1.775,1782521542.5716598,1399272750.580363,,165.227.58.96
35029,Lemon Clove Pte.Limited,"Santa Clara, CA",2020-08-20T20:50:42.273552Z,2.249006261808557,1.722,988064783.7546574,1337346363.6463661,,165.227.58.96
35029,Lemon Clove Pte.Limited,"Santa Clara, CA",2020-08-20T20:50:47.155327Z,2.249006261808557,1.681,1887966812.7428713,1373971076.4322257,,165.227.58.96
35029,Lemon Clove Pte.Limited,"Santa Clara, CA",2020-08-20T20:50:50.456249Z,2.249006261808557,1.688,1718173216.2894971,1569769285.3605845,,165.227.58.96
35029,Lemon Clove Pte.Limited,"Santa Clara, CA",2020-08-20T20:50:53.810065Z,2.249006261808557,1.658,1677590193.1829536,938104016.492211,,165.227.58.96
35030,Lemon Clove Pte.Limited,"Santa Clara, CA",2020-08-20T20:50:57.800650Z,2.249006261808557,1.763,1881981741.1254709,1506922618.7689548,,165.227.58.96
35029,Lemon Clove Pte.Limited,"Santa Clara, CA",2020-08-20T20:51:01.008749Z,2.249006261808557,1.698,1439509113.0595598,1460169683.9702706,,165.227.58.96
35029,Lemon Clove Pte.Limited,"Santa Clara, CA",2020-08-20T20:51:04.919291Z,2.249006261808557,1.745,1699634652.2104194,1670456798.5027566,,165.227.58.96
35029,Lemon Clove Pte.Limited,"Santa Clara, CA",2020-08-20T20:51:08.271411Z,2.249006261808557,1.781,1426116685.1190524,1333809260.8852232,,165.227.58.96
35029,Lemon Clove Pte.Limited,"Santa Clara, CA",2020-08-20T20:51:12.193326Z,2.249006261808557,1.666,1626276781.9909146,1517575533.8626773,,165.227.58.96
35029,Lemon Clove Pte.Limited,"Santa Clara, CA",2020-08-20T20:51:15.722378Z,2.249006261808557,1.546,1675936534.3031747,1539026591.9194741,,165.227.58.96
35029,Lemon Clove Pte.Limited,"Santa Clara, CA",2020-08-20T20:51:19.113729Z,2.249006261808557,1.56,1643769614.4557447,1263389834.781651,,165.227.58.96
25606,Next Level Networks,"Santa Clara, CA",2020-08-20T20:51:22.801349Z,2.249006261808557,3.359,715687056.994129,834561860.9584692,,165.227.58.96
35029,Lemon Clove Pte.Limited,"Santa Clara, CA",2020-08-20T20:51:29.565313Z,2.249006261808557,1.618,1539929375.4271681,1324807675.0538008,,165.227.58.96
35029,Lemon Clove Pte.Limited,"Santa Clara, CA",2020-08-20T20:51:33.315719Z,2.249006261808557,1.793,1631471942.812191,1640448260.9321637,,165.227.58.96
35029,Lemon Clove Pte.Limited,"Santa Clara, CA",2020-08-20T20:51:36.748937Z,2.249006261808557,1.827,1551660413.951418,1815827917.0325987,,165.227.58.96
35030,Lemon Clove Pte.Limited,"Santa Clara, CA",2020-08-20T20:51:40.205308Z,2.249006261808557,1.826,1424025815.867414,1446525104.270141,,165.227.58.96
35029,Lemon Clove Pte.Limited,"Santa Clara, CA",2020-08-20T20:51:44.056154Z,2.249006261808557,1.922,1694109408.4781084,1541088583.8255432,,165.227.58.96
35030,Lemon Clove Pte.Limited,"Santa Clara, CA",2020-08-20T20:51:47.559813Z,2.249006261808557,1.953,1640406310.76226,1568833177.5796807,,165.227.58.96
35029,Lemon Clove Pte.Limited,"Santa Clara, CA",2020-08-20T20:51:51.014815Z,2.249006261808557,1.715,1534587741.8582783,1640804282.619395,,165.227.58.96
35029,Lemon Clove Pte.Limited,"Santa Clara, CA",2020-08-20T20:51:54.620153Z,2.249006261808557,1.822,1563697509.5458984,1512648770.8503106,,165.227.58.96
35029,Lemon Clove Pte.Limited,"Santa Clara, CA",2020-08-20T20:51:58.264569Z,2.249006261808557,1.666,1549607627.066722,212767371.98994732,,165.227.58.96
35029,Lemon Clove Pte.Limited,"Santa Clara, CA",2020-08-20T20:52:06.758277Z,2.249006261808557,2.617,1560245101.8805685,1410195457.4520237,,165.227.58.96
35029,Lemon Clove Pte.Limited,"Santa Clara, CA",2020-08-20T20:52:15.477453Z,2.249006261808557,1.703,1870058070.1604657,1339254516.0937135,,165.227.58.96
35029,Lemon Clove Pte.Limited,"Santa Clara, CA",2020-08-20T20:52:18.953601Z,2.249006261808557,1.562,1701909216.137829,1608539506.8615308,,165.227.58.96
35030,Lemon Clove Pte.Limited,"Santa Clara, CA",2020-08-20T20:52:22.363161Z,2.249006261808557,1.859,1583729499.5946171,1742792986.5145345,,165.227.58.96
35029,Lemon Clove Pte.Limited,"Santa Clara, CA",2020-08-20T20:52:25.820535Z,2.249006261808557,1.735,1434906248.6827092,1032949426.711276,,165.227.58.96
35029,Lemon Clove Pte.Limited,"Santa Clara, CA",2020-08-20T20:52:30.044951Z,2.249006261808557,1.624,1889940539.2614424,1398393294.3523636,,165.227.58.96
35030,Lemon Clove Pte.Limited,"Santa Clara, CA",2020-08-20T20:52:33.382150Z,2.249006261808557,1.819,1288934434.2585106,1776390727.4242454,,165.227.58.96
35030,Lemon Clove Pte.Limited,"Santa Clara, CA",2020-08-20T20:52:37.335308Z,2.249006261808557,1.768,1861123300.1026335,1591710353.100362,,165.227.58.96
35029,Lemon Clove Pte.Limited,"Santa Clara, CA",2020-08-20T20:52:40.563474Z,2.249006261808557,1.701,1912113813.099188,1422842506.5717971,,165.227.58.96
35030,Lemon Clove Pte.Limited,"Santa Clara, CA",2020-08-20T20:52:43.869671Z,2.249006261808557,1.83,1824835245.9570777,1394789523.8960528,,165.227.58.96
35030,Lemon Clove Pte.Limited,"Santa Clara, CA",2020-08-20T20:52:47.259367Z,2.249006261808557,2.704,1709207221.9267344,1299782639.7078784,,165.227.58.96
35030,Lemon Clove Pte.Limited,"Santa Clara, CA",2020-08-20T20:52:50.903547Z,2.249006261808557,1.911,1904240658.860947,1350675553.3775468,,165.227.58.96
35029,Lemon Clove Pte.Limited,"Santa Clara, CA",2020-08-20T20:52:54.374081Z,2.249006261808557,1.706,1291288846.6951182,1311195797.6199472,,165.227.58.96
35029,Lemon Clove Pte.Limited,"Santa Clara, CA",2020-08-20T20:52:58.599196Z,2.249006261808557,1.586,1460367789.5942628,1347770893.7818966,,165.227.58.96
35029,Lemon Clove Pte.Limited,"Santa Clara, CA",2020-08-20T20:53:02.544485Z,2.249006261808557,1.794,812297461.6398276,1402619583.520567,,165.227.58.96
35029,Lemon Clove Pte.Limited,"Santa Clara, CA",2020-08-20T20:53:08.183575Z,2.249006261808557,1.651,1527661922.8493497,1131130413.3058972,,165.227.58.96
35030,Lemon Clove Pte.Limited,"Santa Clara, CA",2020-08-20T20:53:12.155782Z,2.249006261808557,1.73,1166666426.7342615,1454076147.2879195,,165.227.58.96
35029,Lemon Clove Pte.Limited,"Santa Clara, CA",2020-08-20T20:53:16.600702Z,2.249006261808557,1.741,1663183180.632606,1433438866.7316225,,165.227.58.96
35029,Lemon Clove Pte.Limited,"Santa Clara, CA",2020-08-20T20:53:20.147187Z,2.249006261808557,1.661,1074734723.0536106,1472353086.1164205,,165.227.58.96
35029,Lemon Clove Pte.Limited,"Santa Clara, CA",2020-08-20T20:53:24.759161Z,2.249006261808557,1.599,1645074843.6328728,1171080819.5253868,,165.227.58.96
35029,Lemon Clove Pte.Limited,"Santa Clara, CA",2020-08-20T20:53:28.515272Z,2.249006261808557,1.576,1919704297.1384745,1494356660.1377354,,165.227.58.96
35029,Lemon Clove Pte.Limited,"Santa Clara, CA",2020-08-20T20:53:31.743181Z,2.249006261808557,1.576,1773570421.3511002,1389718984.353015,,165.227.58.96
35030,Lemon Clove Pte.Limited,"Santa Clara, CA",2020-08-20T20:53:35.181285Z,2.249006261808557,1.884,1907973668.9437227,1838345806.7747917,,165.227.58.96
35030,Lemon Clove Pte.Limited,"Santa Clara, CA",2020-08-20T20:53:38.263696Z,2.249006261808557,1.918,1447195646.683477,935583208.9173557,,165.227.58.96
35029,Lemon Clove Pte.Limited,"Santa Clara, CA",2020-08-20T20:53:42.567114Z,2.249006261808557,2.257,1540911131.6504955,1444240807.5057957,,165.227.58.96
35029,Lemon Clove Pte.Limited,"Santa Clara, CA",2020-08-20T20:53:46.472046Z,2.249006261808557,5.176,1347114465.7197986,1086543146.7384508,,165.227.58.96
35029,Lemon Clove Pte.Limited,"Santa Clara, CA",2020-08-20T20:53:51.112208Z,2.249006261808557,1.966,1559689289.5822778,1430524536.646409,,165.227.58.96
35029,Lemon Clove Pte.Limited,"Santa Clara, CA",2020-08-20T20:53:54.877080Z,2.249006261808557,1.705,1742684191.070334,1414460195.215406,,165.227.58.96
35029,Lemon Clove Pte.Limited,"Santa Clara, CA",2020-08-20T20:53:58.401554Z,2.249006261808557,1.689,1588512537.2905996,1431997422.5010192,,165.227.58.96
35029,Lemon Clove Pte.Limited,"Santa Clara, CA",2020-08-20T20:54:02.088711Z,2.249006261808557,1.773,1425698139.772561,1521195121.3246298,,165.227.58.96
35029,Lemon Clove Pte.Limited,"Santa Clara, CA",2020-08-20T20:54:05.868445Z,2.249006261808557,1.63,1647055229.9641461,1336128392.814335,,165.227.58.96
35030,Lemon Clove Pte.Limited,"Santa Clara, CA",2020-08-20T20:54:09.520456Z,2.249006261808557,1.817,1396923759.0055814,1304382118.9797146,,165.227.58.96
35030,Lemon Clove Pte.Limited,"Santa Clara, CA",2020-08-20T20:54:13.569599Z,2.249006261808557,1.762,1689943444.7529018,1599013999.0155823,,165.227.58.96
35029,Lemon Clove Pte.Limited,"Santa Clara, CA",2020-08-20T20:54:17.027129Z,2.249006261808557,1.683,1857525651.398741,1513717079.7061088,,165.227.58.96
35029,Lemon Clove Pte.Limited,"Santa Clara, CA",2020-08-20T20:54:20.293362Z,2.249006261808557,1.757,1669352625.1570654,1440979789.4785297,,165.227.58.96
35029,Lemon Clove Pte.Limited,"Santa Clara, CA",2020-08-20T20:54:23.807791Z,2.249006261808557,1.782,1421430307.886309,1289106109.3554206,,165.227.58.96
35030,Lemon Clove Pte.Limited,"Santa Clara, CA",2020-08-20T20:54:27.787585Z,2.249006261808557,2.109,1589032609.0021372,1438555580.3262248,,165.227.58.96
35029,Lemon Clove Pte.Limited,"Santa Clara, CA",2020-08-20T20:54:31.421928Z,2.249006261808557,1.73,1551958123.5706737,1379999683.2819302,,165.227.58.96
35029,Lemon Clove Pte.Limited,"Santa Clara, CA",2020-08-20T20:54:35.118879Z,2.249006261808557,1.724,1746937801.8266108,1634491181.4250665,,165.227.58.96
35030,Lemon Clove Pte.Limited,"Santa Clara, CA",2020-08-20T20:54:38.530361Z,2.249006261808557,1.891,1739962759.522631,1285824635.8962412,,165.227.58.96
35030,Lemon Clove Pte.Limited,"Santa Clara, CA",2020-08-20T20:54:42.135851Z,2.249006261808557,1.932,1747182226.9107695,1517111786.9210613,,165.227.58.96
35029,Lemon Clove Pte.Limited,"Santa Clara, CA",2020-08-20T20:54:45.677046Z,2.249006261808557,1.802,1876808983.3582098,1394828916.662707,,165.227.58.96
35029,Lemon Clove Pte.Limited,"Santa Clara, CA",2020-08-20T20:54:49.006693Z,2.249006261808557,1.691,1799459578.2555928,1320549162.3816075,,165.227.58.96
35029,Lemon Clove Pte.Limited,"Santa Clara, CA",2020-08-20T20:54:52.470325Z,2.249006261808557,1.689,1711208696.686709,1509072577.9747038,,165.227.58.96
35029,Lemon Clove Pte.Limited,"Santa Clara, CA",2020-08-20T20:54:55.883326Z,2.249006261808557,1.774,1810549375.2823043,1423013812.9551165,,165.227.58.96
35029,Lemon Clove Pte.Limited,"Santa Clara, CA",2020-08-20T20:54:59.227984Z,2.249006261808557,1.58,1624576914.4798574,1124214866.4250977,,165.227.58.96
35030,Lemon Clove Pte.Limited,"Santa Clara, CA",2020-08-20T20:55:03.100341Z,2.249006261808557,3.36,1585008712.152934,1598864176.0212464,,165.227.58.96
35030,Lemon Clove Pte.Limited,"Santa Clara, CA",2020-08-20T20:55:06.711270Z,2.249006261808557,3.188,1739576670.302652,1651209928.7236466,,165.227.58.96
35030,Lemon Clove Pte.Limited,"Santa Clara, CA",2020-08-20T20:55:10.104471Z,2.249006261808557,1.705,1592876110.2684197,1193323771.3062994,,165.227.58.96
35030,Lemon Clove Pte.Limited,"Santa Clara, CA",2020-08-20T20:55:13.971089Z,2.249006261808557,3.398,1565902976.6501155,1382921179.78555,,165.227.58.96
35029,Lemon Clove Pte.Limited,"Santa Clara, CA",2020-08-20T20:55:17.687678Z,2.249006261808557,1.747,1789315641.4856799,1120550792.9666831,,165.227.58.96
35029,Lemon Clove Pte.Limited,"Santa Clara, CA",2020-08-20T20:55:21.439080Z,2.249006261808557,1.723,1774336749.556087,1443004997.4629085,,165.227.58.96
35030,Lemon Clove Pte.Limited,"Santa Clara, CA",2020-08-20T20:55:24.829079Z,2.249006261808557,1.765,1823375084.1659665,1608140443.4361775,,165.227.58.96
35030,Lemon Clove Pte.Limited,"Santa Clara, CA",2020-08-20T20:55:28.057094Z,2.249006261808557,1.735,1701476820.2723713,1459902435.1202028,,165.227.58.96
35029,Lemon Clove Pte.Limited,"Santa Clara, CA",2020-08-20T20:55:31.563533Z,2.249006261808557,1.784,1053813250.1113014,1375083587.1753218,,165.227.58.96
35030,Lemon Clove Pte.Limited,"Santa Clara, CA",2020-08-20T20:55:36.251810Z,2.249006261808557,1.657,1577842514.5412607,1167596451.2542078,,165.227.58.96
35029,Lemon Clove Pte.Limited,"Santa Clara, CA",2020-08-20T20:55:40.095025Z,2.249006261808557,1.607,1246701571.5420191,1439366841.7519217,,165.227.58.96
35029,Lemon Clove Pte.Limited,"Santa Clara, CA",2020-08-20T20:55:44.286800Z,2.249006261808557,1.754,1652370807.8851037,1223607495.1033697,,165.227.58.96
35029,Lemon Clove Pte.Limited,"Santa Clara, CA",2020-08-20T20:55:47.973788Z,2.249006261808557,1.834,1611206455.3203986,1461761219.9283051,,165.227.58.96
35029,Lemon Clove Pte.Limited,"Santa Clara, CA",2020-08-20T20:55:51.589129Z,2.249006261808557,1.641,1828131969.7040932,1636538815.2859077,,165.227.58.96
35030,Lemon Clove Pte.Limited,"Santa Clara, CA",2020-08-20T20:55:54.793961Z,2.249006261808557,1.986,1754864551.7523172,1699967144.2018497,,165.227.58.96
35029,Lemon Clove Pte.Limited,"Santa Clara, CA",2020-08-20T20:55:58.069291Z,2.249006261808557,1.562,1977878049.6801436,1638942272.5905962,,165.227.58.96
35029,Lemon Clove Pte.Limited,"Santa Clara, CA",2020-08-20T20:56:01.139140Z,2.249006261808557,1.582,1902118450.6937845,1618401553.9223797,,165.227.58.96
35029,Lemon Clove Pte.Limited,"Santa Clara, CA",2020-08-20T20:56:05.349910Z,2.249006261808557,1.592,1987121951.4805005,1646869231.6216373,,165.227.58.96
35030,Lemon Clove Pte.Limited,"Santa Clara, CA",2020-08-20T20:56:08.428285Z,2.249006261808557,1.681,1919946227.9970405,1552691166.393297,,165.227.58.96
35029,Lemon Clove Pte.Limited,"Santa Clara, CA",2020-08-20T20:56:11.607809Z,2.249006261808557,1.746,1762272859.5263553,1531915258.539502,,165.227.58.96
35029,Lemon Clove Pte.Limited,"Santa Clara, CA",2020-08-20T20:56:14.948181Z,2.249006261808557,1.716,1995130353.506551,1673340415.0164306,,165.227.58.96
35029,Lemon Clove Pte.Limited,"Santa Clara, CA",2020-08-20T20:56:17.981990Z,2.249006261808557,1.63,1969823597.5428762,1632389224.8885627,,165.227.58.96
35030,Lemon Clove Pte.Limited,"Santa Clara, CA",2020-08-20T20:56:21.071742Z,2.249006261808557,2.228,1793665080.3025167,1160166458.2155805,,165.227.58.96
35030,Lemon Clove Pte.Limited,"Santa Clara, CA",2020-08-20T20:56:24.935289Z,2.249006261808557,1.791,1653501979.3548002,1468302384.4211261,,165.227.58.96
35030,Lemon Clove Pte.Limited,"Santa Clara, CA",2020-08-20T20:56:28.565144Z,2.249006261808557,1.76,1544569718.2501917,1532158992.862296,,165.227.58.96
35030,Lemon Clove Pte.Limited,"Santa Clara, CA",2020-08-20T20:56:32.198034Z,2.249006261808557,2.137,1495778816.210326,1187304297.731174,,165.227.58.96
35030,Lemon Clove Pte.Limited,"Santa Clara, CA",2020-08-20T20:56:36.206094Z,2.249006261808557,2.199,1536927145.412544,1145446266.9070961,,165.227.58.96
35030,Lemon Clove Pte.Limited,"Santa Clara, CA",2020-08-20T20:56:40.110324Z,2.249006261808557,1.972,1312583047.7540908,1332547469.040707,,165.227.58.96
35030,Lemon Clove Pte.Limited,"Santa Clara, CA",2020-08-20T20:56:44.340849Z,2.249006261808557,1.83,1465748214.825031,1300515471.893833,,165.227.58.96
35030,Lemon Clove Pte.Limited,"Santa Clara, CA",2020-08-20T20:56:48.286105Z,2.249006261808557,1.748,1715517612.2501173,1544453186.4256654,,165.227.58.96
35029,Lemon Clove Pte.Limited,"Santa Clara, CA",2020-08-20T20:56:51.674976Z,2.249006261808557,1.678,1655470534.8427615,1605861791.8954833,,165.227.58.96
25606,Next Level Networks,"Santa Clara, CA",2020-08-20T20:56:55.185319Z,2.249006261808557,4.667,715502492.0121274,639575901.955472,,165.227.58.96
35029,Lemon Clove Pte.Limited,"Santa Clara, CA",2020-08-20T20:57:02.478499Z,2.249006261808557,1.748,1729779354.468244,1436350662.2729983,,165.227.58.96
35029,Lemon Clove Pte.Limited,"Santa Clara, CA",2020-08-20T20:57:05.960240Z,2.249006261808557,1.654,1533572794.1819203,1269918908.8363833,,165.227.58.96
35029,Lemon Clove Pte.Limited,"Santa Clara, CA",2020-08-20T20:57:09.724131Z,2.249006261808557,1.594,1780544335.8852954,1581920752.9120603,,165.227.58.96
35029,Lemon Clove Pte.Limited,"Santa Clara, CA",2020-08-20T20:57:13.073586Z,2.249006261808557,1.594,1439183490.0998418,1598141391.7305808,,165.227.58.96
35029,Lemon Clove Pte.Limited,"Santa Clara, CA",2020-08-20T20:57:16.821319Z,2.249006261808557,1.736,1550995880.4549012,1439079391.220629,,165.227.58.96
35029,Lemon Clove Pte.Limited,"Santa Clara, CA",2020-08-20T20:57:20.493840Z,2.249006261808557,1.671,1679197854.423887,1097365166.690466,,165.227.58.96
35029,Lemon Clove Pte.Limited,"Santa Clara, CA",2020-08-20T20:57:24.335348Z,2.249006261808557,1.806,1455379701.2875264,1426149942.4439735,,165.227.58.96
35030,Lemon Clove Pte.Limited,"Santa Clara, CA",2020-08-20T20:57:28.152260Z,2.249006261808557,1.786,1626506384.7970269,1000457391.9885575,,165.227.58.96
35029,Lemon Clove Pte.Limited,"Santa Clara, CA",2020-08-20T20:57:32.158057Z,2.249006261808557,1.695,1685280059.3990803,1422455809.593364,,165.227.58.96
35029,Lemon Clove Pte.Limited,"Santa Clara, CA",2020-08-20T20:57:35.718863Z,2.249006261808557,1.655,1558581710.0347278,1373717018.0452788,,165.227.58.96
35029,Lemon Clove Pte.Limited,"Santa Clara, CA",2020-08-20T20:57:39.402041Z,2.249006261808557,1.703,1552395231.496715,1324367443.250825,,165.227.58.96
35029,Lemon Clove Pte.Limited,"Santa Clara, CA",2020-08-20T20:57:43.191840Z,2.249006261808557,1.664,1700928379.4654577,1717549054.6679904,,165.227.58.96
35029,Lemon Clove Pte.Limited,"Santa Clara, CA",2020-08-20T20:57:46.497975Z,2.249006261808557,1.663,1652359816.6017582,1811790947.8774393,,165.227.58.96
35029,Lemon Clove Pte.Limited,"Santa Clara, CA",2020-08-20T20:57:49.830710Z,2.249006261808557,1.799,1642634393.5296257,1382292490.9915352,,165.227.58.96
35029,Lemon Clove Pte.Limited,"Santa Clara, CA",2020-08-20T20:57:53.430566Z,2.249006261808557,1.589,1562714054.9574125,1632732161.3748715,,165.227.58.96
35029,Lemon Clove Pte.Limited,"Santa Clara, CA",2020-08-20T20:57:56.971065Z,2.249006261808557,1.665,1499002635.4303029,1643557216.1596553,,165.227.58.96
35029,Lemon Clove Pte.Limited,"Santa Clara, CA",2020-08-20T20:58:00.589723Z,2.249006261808557,1.589,1674944818.4539928,1267386333.1464906,,165.227.58.96
35029,Lemon Clove Pte.Limited,"Santa Clara, CA",2020-08-20T20:58:04.247528Z,2.249006261808557,1.859,1708202995.3451362,1594415824.8734832,,165.227.58.96
35030,Lemon Clove Pte.Limited,"Santa Clara, CA",2020-08-20T20:58:07.630758Z,2.249006261808557,1.862,1868206577.6247938,1206409793.9118347,,165.227.58.96
35029,Lemon Clove Pte.Limited,"Santa Clara, CA",2020-08-20T20:58:11.141203Z,2.249006261808557,1.808,1606069438.8586166,1156065340.2148087,,165.227.58.96
35029,Lemon Clove Pte.Limited,"Santa Clara, CA",2020-08-20T20:58:15.080547Z,2.249006261808557,1.667,1099038823.4475274,1359746893.0882254,,165.227.58.96
35029,Lemon Clove Pte.Limited,"Santa Clara, CA",2020-08-20T20:58:19.730280Z,2.249006261808557,1.754,1814228989.2321484,1295279618.4239683,,165.227.58.96
35029,Lemon Clove Pte.Limited,"Santa Clara, CA",2020-08-20T20:58:23.254485Z,2.249006261808557,1.728,1665395489.083452,1323093243.755615,,165.227.58.96
35029,Lemon Clove Pte.Limited,"Santa Clara, CA",2020-08-20T20:58:26.871366Z,2.249006261808557,1.793,1783419504.396077,1423449745.5513763,,165.227.58.96
35029,Lemon Clove Pte.Limited,"Santa Clara, CA",2020-08-20T20:58:30.284403Z,2.249006261808557,1.763,1627440641.343494,1329226378.440133,,165.227.58.96
35029,Lemon Clove Pte.Limited,"Santa Clara, CA",2020-08-20T20:58:33.972886Z,2.249006261808557,2.128,1485359992.9457264,1319470194.6748319,,165.227.58.96
35030,Lemon Clove Pte.Limited,"Santa Clara, CA",2020-08-20T20:58:37.807381Z,2.249006261808557,1.818,1786824165.948263,1317788560.6083734,,165.227.58.96
35030,Lemon Clove Pte.Limited,"Santa Clara, CA",2020-08-20T20:58:41.286567Z,2.249006261808557,1.728,1716241607.4387555,1518028051.4811728,,165.227.58.96
35029,Lemon Clove Pte.Limited,"Santa Clara, CA",2020-08-20T20:58:44.701527Z,2.249006261808557,1.793,1734566765.8100724,1413832375.939279,,165.227.58.96
35029,Lemon Clove Pte.Limited,"Santa Clara, CA",2020-08-20T20:58:48.190974Z,2.249006261808557,1.743,1791478440.6186154,1484647096.026734,,165.227.58.96
35030,Lemon Clove Pte.Limited,"Santa Clara, CA",2020-08-20T20:58:51.552417Z,2.249006261808557,2.004,1679398224.3220754,1554264136.5250177,,165.227.58.96
35030,Lemon Clove Pte.Limited,"Santa Clara, CA",2020-08-20T20:58:55.007994Z,2.249006261808557,1.78,1797711826.5711792,1741991852.9281473,,165.227.58.96
35029,Lemon Clove Pte.Limited,"Santa Clara, CA",2020-08-20T20:58:58.208914Z,2.249006261808557,1.718,1786666375.1886773,1704818036.9321046,,165.227.58.96
35030,Lemon Clove Pte.Limited,"Santa Clara, CA",2020-08-20T20:59:01.493781Z,2.249006261808557,1.806,1603888023.5416389,1784422303.6843061,,165.227.58.96
35029,Lemon Clove Pte.Limited,"Santa Clara, CA",2020-08-20T20:59:04.949424Z,2.249006261808557,1.77,1757258167.629039,1317674886.940659,,165.227.58.96
35029,Lemon Clove Pte.Limited,"Santa Clara, CA",2020-08-20T20:59:08.482668Z,2.249006261808557,1.805,1749781846.8228047,1416716517.7948003,,165.227.58.96
35029,Lemon Clove Pte.Limited,"Santa Clara, CA",2020-08-20T20:59:11.994311Z,2.249006261808557,1.706,1473739725.7727687,1318686438.8852382,,165.227.58.96
35030,Lemon Clove Pte.Limited,"Santa Clara, CA",2020-08-20T20:59:15.913769Z,2.249006261808557,1.914,1617943818.586714,1346880484.5312028,,165.227.58.96
35029,Lemon Clove Pte.Limited,"Santa Clara, CA",2020-08-20T20:59:19.609158Z,2.249006261808557,1.685,1756866057.280045,1368721245.5008647,,165.227.58.96
35029,Lemon Clove Pte.Limited,"Santa Clara, CA",2020-08-20T20:59:23.095746Z,2.249006261808557,1.685,1814237948.9846215,1518113977.6925573,,165.227.58.96
35030,Lemon Clove Pte.Limited,"Santa Clara, CA",2020-08-20T20:59:26.430819Z,2.249006261808557,2.083,1763582535.8301175,1534438004.8585417,,165.227.58.96
35030,Lemon Clove Pte.Limited,"Santa Clara, CA",2020-08-20T20:59:29.815669Z,2.249006261808557,1.877,1709167918.190838,1483411829.2139125,,165.227.58.96
35029,Lemon Clove Pte.Limited,"Santa Clara, CA",2020-08-20T20:59:33.329884Z,2.249006261808557,1.721,1615920136.844597,1066343383.955096,,165.227.58.96
35029,Lemon Clove Pte.Limited,"Santa Clara, CA",2020-08-20T20:59:37.309569Z,2.249006261808557,1.764,1639753732.0394535,1507600535.5819063,,165.227.58.96
35029,Lemon Clove Pte.Limited,"Santa Clara, CA",2020-08-20T20:59:40.968892Z,2.249006261808557,1.635,1526493939.1796696,1135256267.9467044,,165.227.58.96
35030,Lemon Clove Pte.Limited,"Santa Clara, CA",2020-08-20T20:59:44.900846Z,2.249006261808557,1.837,1696114287.5186987,1089188139.7895424,,165.227.58.96
35029,Lemon Clove Pte.Limited,"Santa Clara, CA",2020-08-20T20:59:48.619544Z,2.249006261808557,1.789,1744543802.9314854,1517285018.309843,,165.227.58.96
35029,Lemon Clove Pte.Limited,"Santa Clara, CA",2020-08-20T20:59:52.020190Z,2.249006261808557,1.815,1793018369.761737,1708859108.5455463,,165.227.58.96
35030,Lemon Clove Pte.Limited,"Santa Clara, CA",2020-08-20T20:59:55.247899Z,2.249006261808557,1.763,1660268811.8096845,1843708841.7037523,,165.227.58.96
35029,Lemon Clove Pte.Limited,"Santa Clara, CA",2020-08-20T20:59:58.656739Z,2.249006261808557,1.595,1349853077.0565834,927646910.367698,,165.227.58.96
35030,Lemon Clove Pte.Limited,"Santa Clara, CA",2020-08-20T21:00:03.297260Z,2.249006261808557,1.978,296305635.96303403,1189010648.3431191,,165.227.58.96
35029,Lemon Clove Pte.Limited,"Santa Clara, CA",2020-08-20T21:00:15.273404Z,2.249006261808557,2.069,1668692647.9139593,1413291283.741172,,165.227.58.96
35029,Lemon Clove Pte.Limited,"Santa Clara, CA",2020-08-20T21:00:21.106749Z,2.249006261808557,1.842,1291791221.460421,1390614157.6556234,,165.227.58.96
35029,Lemon Clove Pte.Limited,"Santa Clara, CA",2020-08-20T21:00:25.226275Z,2.249006261808557,1.748,1477981624.4011652,1521911253.8056467,,165.227.58.96
35029,Lemon Clove Pte.Limited,"Santa Clara, CA",2020-08-20T21:00:28.949055Z,2.249006261808557,1.641,1563088452.0175276,1372233186.6710753,,165.227.58.96
35029,Lemon Clove Pte.Limited,"Santa Clara, CA",2020-08-20T21:00:32.620297Z,2.249006261808557,1.75,1719917609.3606365,1539337810.966752,,165.227.58.96
35029,Lemon Clove Pte.Limited,"Santa Clara, CA",2020-08-20T21:00:35.987243Z,2.249006261808557,1.567,1485911267.186564,1570490180.3728178,,165.227.58.96
35029,Lemon Clove Pte.Limited,"Santa Clara, CA",2020-08-20T21:00:39.626725Z,2.249006261808557,1.577,1700758162.6770751,1310830992.5341716,,165.227.58.96
35030,Lemon Clove Pte.Limited,"Santa Clara, CA",2020-08-20T21:00:43.174925Z,2.249006261808557,1.763,1691335977.9731102,1506757693.8342838,,165.227.58.96
35030,Lemon Clove Pte.Limited,"Santa Clara, CA",2020-08-20T21:00:46.661067Z,2.249006261808557,1.914,1439320706.2060995,1404701241.958467,,165.227.58.96
35030,Lemon Clove Pte.Limited,"Santa Clara, CA",2020-08-20T21:00:50.544341Z,2.249006261808557,1.972,1555111376.3983374,1566622649.864585,,165.227.58.96
35030,Lemon Clove Pte.Limited,"Santa Clara, CA",2020-08-20T21:00:54.209896Z,2.249006261808557,1.929,1690073802.3182187,1523444619.5509462,,165.227.58.96
35029,Lemon Clove Pte.Limited,"Santa Clara, CA",2020-08-20T21:00:57.667256Z,2.249006261808557,1.606,1420795812.8048024,1466667421.211755,,165.227.58.96
35029,Lemon Clove Pte.Limited,"Santa Clara, CA",2020-08-20T21:01:01.541344Z,2.249006261808557,1.798,1430067575.2276313,1034020580.666853,,165.227.58.96
35029,Lemon Clove Pte.Limited,"Santa Clara, CA",2020-08-20T21:01:05.790110Z,2.249006261808557,1.879,1364597844.020203,1173224646.639859,,165.227.58.96
35029,Lemon Clove Pte.Limited,"Santa Clara, CA",2020-08-20T21:01:09.992412Z,2.249006261808557,1.712,1679369865.0823197,1510707612.598706,,165.227.58.96
35029,Lemon Clove Pte.Limited,"Santa Clara, CA",2020-08-20T21:01:13.440300Z,2.249006261808557,1.745,1763216945.3055866,1578305565.4041846,,165.227.58.96
35029,Lemon Clove Pte.Limited,"Santa Clara, CA",2020-08-20T21:01:16.722856Z,2.249006261808557,1.948,1635217071.8286722,1598114283.0459251,,165.227.58.96
35029,Lemon Clove Pte.Limited,"Santa Clara, CA",2020-08-20T21:01:20.138378Z,2.249006261808557,1.719,1821899724.9596572,1365250524.0059853,,165.227.58.96
35029,Lemon Clove Pte.Limited,"Santa Clara, CA",2020-08-20T21:01:23.530264Z,2.249006261808557,1.606,1761434444.1822145,1371951791.3914664,,165.227.58.96
35029,Lemon Clove Pte.Limited,"Santa Clara, CA",2020-08-20T21:01:26.961352Z,2.249006261808557,1.692,1761413127.5252745,1471299164.2329526,,165.227.58.96
35029,Lemon Clove Pte.Limited,"Santa Clara, CA",2020-08-20T21:01:30.329649Z,2.249006261808557,1.85,1592038803.6490848,1411272227.578162,,165.227.58.96
35029,Lemon Clove Pte.Limited,"Santa Clara, CA",2020-08-20T21:01:33.957760Z,2.249006261808557,1.719,1661931563.152288,1592240978.4608407,,165.227.58.96
35029,Lemon Clove Pte.Limited,"Santa Clara, CA",2020-08-20T21:01:37.385451Z,2.249006261808557,1.667,1816418465.1415665,1516412975.562362,,165.227.58.96
35029,Lemon Clove Pte.Limited,"Santa Clara, CA",2020-08-20T21:01:40.680102Z,2.249006261808557,1.541,1808969844.5732605,1817343835.7572734,,165.227.58.96
35029,Lemon Clove Pte.Limited,"Santa Clara, CA",2020-08-20T21:01:43.880865Z,2.249006261808557,1.583,1797911211.296823,982431630.2072508,,165.227.58.96
35029,Lemon Clove Pte.Limited,"Santa Clara, CA",2020-08-20T21:01:47.677053Z,2.249006261808557,1.84,1626020518.2456324,1674445085.293057,,165.227.58.96
35029,Lemon Clove Pte.Limited,"Santa Clara, CA",2020-08-20T21:01:51.101739Z,2.249006261808557,1.791,1943136018.846318,1541645999.9203818,,165.227.58.96
35029,Lemon Clove Pte.Limited,"Santa Clara, CA",2020-08-20T21:01:54.256058Z,2.249006261808557,1.938,1899338020.1855917,1313503679.057478,,165.227.58.96
35029,Lemon Clove Pte.Limited,"Santa Clara, CA",2020-08-20T21:01:57.593029Z,2.249006261808557,1.737,1661838271.024583,1450222979.4289806,,165.227.58.96
35029,Lemon Clove Pte.Limited,"Santa Clara, CA",2020-08-20T21:02:01.103192Z,2.249006261808557,1.721,1507454812.9513464,1713955916.1773179,,165.227.58.96
35029,Lemon Clove Pte.Limited,"Santa Clara, CA",2020-08-20T21:02:04.730804Z,2.249006261808557,1.754,1670149999.767485,1531871904.2314696,,165.227.58.96
35029,Lemon Clove Pte.Limited,"Santa Clara, CA",2020-08-20T21:02:08.219317Z,2.249006261808557,1.777,1569097300.9080474,1277836802.887683,,165.227.58.96
35029,Lemon Clove Pte.Limited,"Santa Clara, CA",2020-08-20T21:02:12.015191Z,2.249006261808557,1.677,1869036914.000227,1723224282.8085523,,165.227.58.96
35030,Lemon Clove Pte.Limited,"Santa Clara, CA",2020-08-20T21:02:15.163102Z,2.249006261808557,1.859,1792388936.1038618,1680187892.583854,,165.227.58.96
35030,Lemon Clove Pte.Limited,"Santa Clara, CA",2020-08-20T21:02:18.409750Z,2.249006261808557,1.746,1661610924.9949236,1346245549.4699662,,165.227.58.96
35029,Lemon Clove Pte.Limited,"Santa Clara, CA",2020-08-20T21:02:22.082306Z,2.249006261808557,1.622,1692964172.0360055,1340416141.3029125,,165.227.58.96
35029,Lemon Clove Pte.Limited,"Santa Clara, CA",2020-08-20T21:02:25.608432Z,2.249006261808557,1.66,1944604154.975283,1228982692.0874467,,165.227.58.96
35029,Lemon Clove Pte.Limited,"Santa Clara, CA",2020-08-20T21:02:28.982505Z,2.249006261808557,1.733,1704566820.3803062,1366053957.9786816,,165.227.58.96
35029,Lemon Clove Pte.Limited,"Santa Clara, CA",2020-08-20T21:02:32.547352Z,2.249006261808557,1.694,1743157623.9428,1247631542.705548,,165.227.58.96
35029,Lemon Clove Pte.Limited,"Santa Clara, CA",2020-08-20T21:02:36.163793Z,2.249006261808557,1.723,1916799176.8082242,1563979884.6856096,,165.227.58.96
35029,Lemon Clove Pte.Limited,"Santa Clara, CA",2020-08-20T21:02:39.362477Z,2.249006261808557,1.693,1862680606.9691417,1611764838.7435756,,165.227.58.96
35029,Lemon Clove Pte.Limited,"Santa Clara, CA",2020-08-20T21:02:42.594286Z,2.249006261808557,1.632,1774507915.1959984,1311384737.9560134,,165.227.58.96
35029,Lemon Clove Pte.Limited,"Santa Clara, CA",2020-08-20T21:02:46.092791Z,2.249006261808557,1.756,1853407432.4844508,1339865664.0542912,,165.227.58.96
35029,Lemon Clove Pte.Limited,"Santa Clara, CA",2020-08-20T21:02:49.476875Z,2.249006261808557,1.545,888328529.7243758,1548104607.8869543,,165.227.58.96
35029,Lemon Clove Pte.Limited,"Santa Clara, CA",2020-08-20T21:02:54.670264Z,2.249006261808557,1.541,1859955977.512332,1507141093.1226513,,165.227.58.96
35029,Lemon Clove Pte.Limited,"Santa Clara, CA",2020-08-20T21:02:57.929145Z,2.249006261808557,1.611,1683524634.113816,1328492278.9420443,,165.227.58.96
35029,Lemon Clove Pte.Limited,"Santa Clara, CA",2020-08-20T21:03:01.579616Z,2.249006261808557,1.815,1751276430.9218147,1500060443.4159544,,165.227.58.96
35029,Lemon Clove Pte.Limited,"Santa Clara, CA",2020-08-20T21:03:04.968733Z,2.249006261808557,1.704,1669088740.4173365,1625023929.4581125,,165.227.58.96
35029,Lemon Clove Pte.Limited,"Santa Clara, CA",2020-08-20T21:03:08.382343Z,2.249006261808557,1.759,1716942147.1508763,1550116304.6659102,,165.227.58.96
35029,Lemon Clove Pte.Limited,"Santa Clara, CA",2020-08-20T21:03:11.838636Z,2.249006261808557,1.551,1665734406.184595,1575995011.3311205,,165.227.58.96
35029,Lemon Clove Pte.Limited,"Santa Clara, CA",2020-08-20T21:03:15.386815Z,2.249006261808557,1.596,1818591865.2058547,1428470234.8926485,,165.227.58.96
35029,Lemon Clove Pte.Limited,"Santa Clara, CA",2020-08-20T21:03:18.787085Z,2.249006261808557,1.981,1704530947.556395,1381199663.1457248,,165.227.58.96
35029,Lemon Clove Pte.Limited,"Santa Clara, CA",2020-08-20T21:03:22.324195Z,2.249006261808557,1.81,875818670.0245308,1493890710.1863568,,165.227.58.96
35029,Lemon Clove Pte.Limited,"Santa Clara, CA",2020-08-20T21:03:27.588041Z,2.249006261808557,1.771,1701193606.9842296,1406695915.960496,,165.227.58.96
35029,Lemon Clove Pte.Limited,"Santa Clara, CA",2020-08-20T21:03:31.117628Z,2.249006261808557,1.756,1329963342.8079448,1472635338.2015216,,165.227.58.96
35029,Lemon Clove Pte.Limited,"Santa Clara, CA",2020-08-20T21:03:35.103158Z,2.249006261808557,1.633,1724120156.5095603,1518255377.3943264,,165.227.58.96
35029,Lemon Clove Pte.Limited,"Santa Clara, CA",2020-08-20T21:03:38.466347Z,2.249006261808557,2.828,1899857628.252737,1380590174.3890624,,165.227.58.96
35029,Lemon Clove Pte.Limited,"Santa Clara, CA",2020-08-20T21:03:41.786430Z,2.249006261808557,1.728,1763529042.468118,1489029143.5542967,,165.227.58.96
35029,Lemon Clove Pte.Limited,"Santa Clara, CA",2020-08-20T21:03:45.191872Z,2.249006261808557,1.519,1961059998.872266,1543970905.159401,,165.227.58.96
35029,Lemon Clove Pte.Limited,"Santa Clara, CA",2020-08-20T21:03:48.355579Z,2.249006261808557,1.741,1642255548.7255487,1273459264.9023864,,165.227.58.96
35029,Lemon Clove Pte.Limited,"Santa Clara, CA",2020-08-20T21:03:52.017997Z,2.249006261808557,1.623,1668039873.3291097,1577532095.5158422,,165.227.58.96
35029,Lemon Clove Pte.Limited,"Santa Clara, CA",2020-08-20T21:03:55.432909Z,2.249006261808557,1.665,1898170301.4455187,1674941581.7629793,,165.227.58.96
35029,Lemon Clove Pte.Limited,"Santa Clara, CA",2020-08-20T21:03:58.570342Z,2.249006261808557,1.759,2006511326.927504,1751281398.5931528,,165.227.58.96
35030,Lemon Clove Pte.Limited,"Santa Clara, CA",2020-08-20T21:04:01.597450Z,2.249006261808557,1.797,1799648158.1560202,1501123270.9980736,,165.227.58.96
35029,Lemon Clove Pte.Limited,"Santa Clara, CA",2020-08-20T21:04:04.972895Z,2.249006261808557,1.631,1763954141.9695857,1454122438.4643376,,165.227.58.96
35029,Lemon Clove Pte.Limited,"Santa Clara, CA",2020-08-20T21:04:08.343626Z,2.249006261808557,1.539,1529829013.9452574,1108165355.4949303,,165.227.58.96
35030,Lemon Clove Pte.Limited,"Santa Clara, CA",2020-08-20T21:04:12.302610Z,2.249006261808557,1.655,1946218652.4512775,1831285264.0438614,,165.227.58.96
35029,Lemon Clove Pte.Limited,"Santa Clara, CA",2020-08-20T21:04:15.348567Z,2.249006261808557,1.682,1807964995.9826949,1550032110.876229,,165.227.58.96
35029,Lemon Clove Pte.Limited,"Santa Clara, CA",2020-08-20T21:04:18.637250Z,2.249006261808557,1.736,1792302761.3093843,1107047724.9662864,,165.227.58.96
35029,Lemon Clove Pte.Limited,"Santa Clara, CA",2020-08-20T21:04:22.268569Z,2.249006261808557,1.691,1633188375.7516055,1576869236.3562384,,165.227.58.96
35029,Lemon Clove Pte.Limited,"Santa Clara, CA",2020-08-20T21:04:25.875815Z,2.249006261808557,1.583,1641430228.04616,1486817637.6555662,,165.227.58.96
35029,Lemon Clove Pte.Limited,"Santa Clara, CA",2020-08-20T21:04:29.399112Z,2.249006261808557,1.877,1444218820.3782208,1402355737.8045547,,165.227.58.96
35029,Lemon Clove Pte.Limited,"Santa Clara, CA",2020-08-20T21:04:33.272418Z,2.249006261808557,1.599,1850774234.0478027,1315629024.7617733,,165.227.58.96
35029,Lemon Clove Pte.Limited,"Santa Clara, CA",2020-08-20T21:04:36.639902Z,2.249006261808557,1.604,1672300870.3304777,1465487492.4326177,,165.227.58.96
35030,Lemon Clove Pte.Limited,"Santa Clara, CA",2020-08-20T21:04:40.143086Z,2.249006261808557,1.91,1571018388.1403897,1356764756.4542577,,165.227.58.96
35029,Lemon Clove Pte.Limited,"Santa Clara, CA",2020-08-20T21:04:43.855027Z,2.249006261808557,1.655,1864382343.2013845,1630180285.6141903,,165.227.58.96
35029,Lemon Clove Pte.Limited,"Santa Clara, CA",2020-08-20T21:04:47.177088Z,2.249006261808557,1.592,1561719297.6261563,1420236435.6009784,,165.227.58.96
35029,Lemon Clove Pte.Limited,"Santa Clara, CA",2020-08-20T21:04:50.980057Z,2.249006261808557,1.755,1405496617.784519,1390412493.3989909,,165.227.58.96
35029,Lemon Clove Pte.Limited,"Santa Clara, CA",2020-08-20T21:04:54.929041Z,2.249006261808557,1.615,1851408146.343558,1464882375.9137871,,165.227.58.96
35029,Lemon Clove Pte.Limited,"Santa Clara, CA",2020-08-20T21:04:58.235170Z,2.249006261808557,1.591,1644167976.1997018,1451671000.358769,,165.227.58.96
35030,Lemon Clove Pte.Limited,"Santa Clara, CA",2020-08-20T21:05:01.750999Z,2.249006261808557,2.283,1604812484.4082904,1076994776.6852767,,165.227.58.96
35030,Lemon Clove Pte.Limited,"Santa Clara, CA",2020-08-20T21:05:05.651229Z,2.249006261808557,1.778,1761609868.4440465,1733760717.7759678,,165.227.58.96
35029,Lemon Clove Pte.Limited,"Santa Clara, CA",2020-08-20T21:05:08.922106Z,2.249006261808557,1.474,1665505930.253434,1524090361.5328207,,165.227.58.96
35029,Lemon Clove Pte.Limited,"Santa Clara, CA",2020-08-20T21:05:12.381960Z,2.249006261808557,3.022,1679809329.615785,1685673103.0808082,,165.227.58.96
35029,Lemon Clove Pte.Limited,"Santa Clara, CA",2020-08-20T21:05:15.718143Z,2.249006261808557,1.704,1712895784.2795854,1679439698.1308575,,165.227.58.96
35030,Lemon Clove Pte.Limited,"Santa Clara, CA",2020-08-20T21:05:19.057757Z,2.249006261808557,1.84,2035080684.3489542,1755314119.9741364,,165.227.58.96
35029,Lemon Clove Pte.Limited,"Santa Clara, CA",2020-08-20T21:05:22.054074Z,2.249006261808557,1.601,1897829014.889412,1731531039.5259151,,165.227.58.96
35029,Lemon Clove Pte.Limited,"Santa Clara, CA",2020-08-20T21:05:25.204620Z,2.249006261808557,1.608,1949441529.9646125,1660680926.641807,,165.227.58.96
35029,Lemon Clove Pte.Limited,"Santa Clara, CA",2020-08-20T21:05:28.271989Z,2.249006261808557,1.691,1987596783.4952989,1490863367.9789126,,165.227.58.96
35029,Lemon Clove Pte.Limited,"Santa Clara, CA",2020-08-20T21:05:31.418155Z,2.249006261808557,1.632,1932240487.025416,1549177387.3269274,,165.227.58.96
35029,Lemon Clove Pte.Limited,"Santa Clara, CA",2020-08-20T21:05:34.571683Z,2.249006261808557,1.727,1851378991.776542,1427682837.7023451,,165.227.58.96
35029,Lemon Clove Pte.Limited,"Santa Clara, CA",2020-08-20T21:05:37.860468Z,2.249006261808557,1.765,1644611516.3208542,1632486037.7888222,,165.227.58.96
35029,Lemon Clove Pte.Limited,"Santa Clara, CA",2020-08-20T21:05:41.292950Z,2.249006261808557,1.63,1772527708.6798174,1223837007.9737296,,165.227.58.96
35030,Lemon Clove Pte.Limited,"Santa Clara, CA",2020-08-20T21:05:44.899174Z,2.249006261808557,1.7,1924466073.7798257,1856649062.0987508,,165.227.58.96
35029,Lemon Clove Pte.Limited,"Santa Clara, CA",2020-08-20T21:05:47.927337Z,2.249006261808557,1.538,1890632325.5374982,1673113086.9788263,,165.227.58.96
35029,Lemon Clove Pte.Limited,"Santa Clara, CA",2020-08-20T21:05:51.067958Z,2.249006261808557,1.651,1883377202.2855437,1541549919.7128837,,165.227.58.96
35029,Lemon Clove Pte.Limited,"Santa Clara, CA",2020-08-20T21:05:54.353735Z,2.249006261808557,3.043,1379624878.094046,1003705314.8174179,,165.227.58.96
35029,Lemon Clove Pte.Limited,"Santa Clara, CA",2020-08-20T21:05:58.967508Z,2.249006261808557,1.711,1496457848.5069766,1253841031.016993,,165.227.58.96
35029,Lemon Clove Pte.Limited,"Santa Clara, CA",2020-08-20T21:06:02.920644Z,2.249006261808557,1.55,1952900001.8013532,1508415369.8379722,,165.227.58.96
35030,Lemon Clove Pte.Limited,"Santa Clara, CA",2020-08-20T21:06:06.108607Z,2.249006261808557,1.802,1947424330.6539109,1858673757.3738012,,165.227.58.96
35029,Lemon Clove Pte.Limited,"Santa Clara, CA",2020-08-20T21:06:09.144552Z,2.249006261808557,1.596,1741868120.01035,1735725147.611296,,165.227.58.96
35029,Lemon Clove Pte.Limited,"Santa Clara, CA",2020-08-20T21:06:12.376870Z,2.249006261808557,1.55,1543124003.6130123,1470715757.6274748,,165.227.58.96
35030,Lemon Clove Pte.Limited,"Santa Clara, CA",2020-08-20T21:06:16.034983Z,2.249006261808557,1.841,1815713107.0312657,1517674503.19177,,165.227.58.96
35029,Lemon Clove Pte.Limited,"Santa Clara, CA",2020-08-20T21:06:19.320097Z,2.249006261808557,1.673,1775431385.6459165,1499761344.8618188,,165.227.58.96
35029,Lemon Clove Pte.Limited,"Santa Clara, CA",2020-08-20T21:06:22.685170Z,2.249006261808557,1.607,1745717130.394239,1778848306.343508,,165.227.58.96
35029,Lemon Clove Pte.Limited,"Santa Clara, CA",2020-08-20T21:06:25.902451Z,2.249006261808557,1.626,1726420047.5068612,1605046470.975898,,165.227.58.96
35030,Lemon Clove Pte.Limited,"Santa Clara, CA",2020-08-20T21:06:29.272562Z,2.249006261808557,1.676,1900663270.2239883,1706939845.7239816,,165.227.58.96
35029,Lemon Clove Pte.Limited,"Santa Clara, CA",2020-08-20T21:06:32.434669Z,2.249006261808557,1.766,1738153858.753159,1210807757.430308,,165.227.58.96
35029,Lemon Clove Pte.Limited,"Santa Clara, CA",2020-08-20T21:06:36.023910Z,2.249006261808557,1.801,1923482955.3196363,1119073990.521098,,165.227.58.96
35030,Lemon Clove Pte.Limited,"Santa Clara, CA",2020-08-20T21:06:39.625094Z,2.249006261808557,1.813,1799718991.00717,1538653176.6749816,,165.227.58.96
35029,Lemon Clove Pte.Limited,"Santa Clara, CA",2020-08-20T21:06:42.931920Z,2.249006261808557,1.648,2007231069.1101942,1463220417.1541336,,165.227.58.96
35029,Lemon Clove Pte.Limited,"Santa Clara, CA",2020-08-20T21:06:46.064197Z,2.249006261808557,1.606,1754304521.8685067,1732723349.7602487,,165.227.58.96
35029,Lemon Clove Pte.Limited,"Santa Clara, CA",2020-08-20T21:06:49.322934Z,2.249006261808557,1.691,1649875332.470046,969437136.4968896,,165.227.58.96
35029,Lemon Clove Pte.Limited,"Santa Clara, CA",2020-08-20T21:06:53.335863Z,2.249006261808557,1.595,1951535499.3935728,1451630160.34264,,165.227.58.96
35029,Lemon Clove Pte.Limited,"Santa Clara, CA",2020-08-20T21:06:56.547459Z,2.249006261808557,1.619,1742803500.1186438,1711011791.3705823,,165.227.58.96
35030,Lemon Clove Pte.Limited,"Santa Clara, CA",2020-08-20T21:06:59.829876Z,2.249006261808557,1.845,1601048565.8513546,1361649284.7035642,,165.227.58.96
35029,Lemon Clove Pte.Limited,"Santa Clara, CA",2020-08-20T21:07:03.452593Z,2.249006261808557,1.838,1496244921.877195,1018429608.7585964,,165.227.58.96
35030,Lemon Clove Pte.Limited,"Santa Clara, CA",2020-08-20T21:07:07.508406Z,2.249006261808557,2.535,1795799943.9062605,1617925308.7620637,,165.227.58.96
35029,Lemon Clove Pte.Limited,"Santa Clara, CA",2020-08-20T21:07:10.783976Z,2.249006261808557,1.623,1719193550.533749,1537287595.145422,,165.227.58.96
35030,Lemon Clove Pte.Limited,"Santa Clara, CA",2020-08-20T21:07:14.174027Z,2.249006261808557,1.948,1699389827.7454054,1726191681.5155158,,165.227.58.96
35030,Lemon Clove Pte.Limited,"Santa Clara, CA",2020-08-20T21:07:17.547275Z,2.249006261808557,1.766,1458833701.5963006,1114614920.82381,,165.227.58.96
35029,Lemon Clove Pte.Limited,"Santa Clara, CA",2020-08-20T21:07:21.707933Z,2.249006261808557,1.592,1739134109.7125707,1623735467.7986352,,165.227.58.96
35029,Lemon Clove Pte.Limited,"Santa Clara, CA",2020-08-20T21:07:25.058987Z,2.249006261808557,1.627,1418269606.7669368,1324999875.2068167,,165.227.58.96
35029,Lemon Clove Pte.Limited,"Santa Clara, CA",2020-08-20T21:07:29.129095Z,2.249006261808557,1.772,1557221993.174085,1731323220.6800601,,165.227.58.96
35029,Lemon Clove Pte.Limited,"Santa Clara, CA",2020-08-20T21:07:32.706991Z,2.249006261808557,1.741,1621974014.908,1549932856.0466962,,165.227.58.96
35030,Lemon Clove Pte.Limited,"Santa Clara, CA",2020-08-20T21:07:36.267308Z,2.249006261808557,1.744,1985169370.1266296,1525465535.2355695,,165.227.58.96
35029,Lemon Clove Pte.Limited,"Santa Clara, CA",2020-08-20T21:07:39.463452Z,2.249006261808557,1.605,1805122145.84068,1579301290.0704348,,165.227.58.96
35029,Lemon Clove Pte.Limited,"Santa Clara, CA",2020-08-20T21:07:42.764533Z,2.249006261808557,1.771,1686902123.0888894,1621433807.104345,,165.227.58.96
35029,Lemon Clove Pte.Limited,"Santa Clara, CA",2020-08-20T21:07:46.159197Z,2.249006261808557,1.574,1662383777.5863225,1668409666.449747,,165.227.58.96
35029,Lemon Clove Pte.Limited,"Santa Clara, CA",2020-08-20T21:07:49.530788Z,2.249006261808557,1.787,1595320787.5142493,1717774480.333503,,165.227.58.96
35030,Lemon Clove Pte.Limited,"Santa Clara, CA",2020-08-20T21:07:52.949013Z,2.249006261808557,1.908,1935331880.0603192,1093281529.152796,,165.227.58.96
35030,Lemon Clove Pte.Limited,"Santa Clara, CA",2020-08-20T21:07:56.619010Z,2.249006261808557,1.888,1635848434.365275,1555852752.1576087,,165.227.58.96
35029,Lemon Clove Pte.Limited,"Santa Clara, CA",2020-08-20T21:08:00.174895Z,2.249006261808557,1.73,1359545070.9216397,1040486660.8534815,,165.227.58.96
35029,Lemon Clove Pte.Limited,"Santa Clara, CA",2020-08-20T21:08:04.563649Z,2.249006261808557,1.701,1552635927.7053592,1328369551.2168195,,165.227.58.96
35029,Lemon Clove Pte.Limited,"Santa Clara, CA",2020-08-20T21:08:08.308770Z,2.249006261808557,1.783,1782513734.4465206,1452861189.879667,,165.227.58.96
35030,Lemon Clove Pte.Limited,"Santa Clara, CA",2020-08-20T21:08:11.725114Z,2.249006261808557,1.705,1576155087.4643927,1434579267.2887483,,165.227.58.96
35030,Lemon Clove Pte.Limited,"Santa Clara, CA",2020-08-20T21:08:15.452811Z,2.249006261808557,1.698,1874253267.5112684,1505530715.9228647,,165.227.58.96
35029,Lemon Clove Pte.Limited,"Santa Clara, CA",2020-08-20T21:08:18.706328Z,2.249006261808557,1.598,1769087818.0851,1577769555.8712926,,165.227.58.96
35029,Lemon Clove Pte.Limited,"Santa Clara, CA",2020-08-20T21:08:22.059615Z,2.249006261808557,1.648,1844351946.6162882,1153902751.8845243,,165.227.58.96
35029,Lemon Clove Pte.Limited,"Santa Clara, CA",2020-08-20T21:08:26.034732Z,2.249006261808557,1.7,1471986036.7924726,1535572326.5536866,,165.227.58.96
35029,Lemon Clove Pte.Limited,"Santa Clara, CA",2020-08-20T21:08:29.821158Z,2.249006261808557,1.853,1658359413.4892776,1394812726.908179,,165.227.58.96
35029,Lemon Clove Pte.Limited,"Santa Clara, CA",2020-08-20T21:08:33.364109Z,2.249006261808557,1.65,1453316363.8517318,1317244853.041678,,165.227.58.96
35030,Lemon Clove Pte.Limited,"Santa Clara, CA",2020-08-20T21:08:37.245588Z,2.249006261808557,1.726,1868210557.0225942,1471054215.4141634,,165.227.58.96
35029,Lemon Clove Pte.Limited,"Santa Clara, CA",2020-08-20T21:08:40.535687Z,2.249006261808557,1.649,1509891183.7087328,1716992283.9331715,,165.227.58.96
35030,Lemon Clove Pte.Limited,"Santa Clara, CA",2020-08-20T21:08:44.078860Z,2.249006261808557,1.819,2026998622.5828724,1756432374.1450036,,165.227.58.96
35029,Lemon Clove Pte.Limited,"Santa Clara, CA",2020-08-20T21:08:47.150279Z,2.249006261808557,1.727,1780285588.0413518,1332613883.507303,,165.227.58.96
35030,Lemon Clove Pte.Limited,"Santa Clara, CA",2020-08-20T21:08:50.634082Z,2.249006261808557,1.865,1813337462.6173222,1260495751.246002,,165.227.58.96
35029,Lemon Clove Pte.Limited,"Santa Clara, CA",2020-08-20T21:08:54.129828Z,2.249006261808557,1.762,1734284495.5220227,1565109018.8074174,,165.227.58.96
35029,Lemon Clove Pte.Limited,"Santa Clara, CA",2020-08-20T21:08:57.519001Z,2.249006261808557,1.736,1526926725.0820262,1036003145.6036422,,165.227.58.96
35029,Lemon Clove Pte.Limited,"Santa Clara, CA",2020-08-20T21:09:01.683160Z,2.249006261808557,1.909,1574042208.1499078,1440331259.4494166,,165.227.58.96
35029,Lemon Clove Pte.Limited,"Santa Clara, CA",2020-08-20T21:09:05.370780Z,2.249006261808557,1.791,1822789236.0913994,1760337342.8230698,,165.227.58.96
35029,Lemon Clove Pte.Limited,"Santa Clara, CA",2020-08-20T21:09:08.527912Z,2.249006261808557,1.657,1944105587.3646321,1523391701.6674855,,165.227.58.96
35029,Lemon Clove Pte.Limited,"Santa Clara, CA",2020-08-20T21:09:11.781869Z,2.249006261808557,1.706,1774035204.348983,1720258175.0754354,,165.227.58.96
35029,Lemon Clove Pte.Limited,"Santa Clara, CA",2020-08-20T21:09:15.031315Z,2.249006261808557,1.652,1678537051.6759145,1287287793.1331596,,165.227.58.96
35029,Lemon Clove Pte.Limited,"Santa Clara, CA",2020-08-20T21:09:18.601951Z,2.249006261808557,1.57,1827906008.0266442,1486557753.964288,,165.227.58.96
35029,Lemon Clove Pte.Limited,"Santa Clara, CA",2020-08-20T21:09:21.860841Z,2.249006261808557,1.524,1689720004.717038,1222753062.2377143,,165.227.58.96
35030,Lemon Clove Pte.Limited,"Santa Clara, CA",2020-08-20T21:09:25.523503Z,2.249006261808557,1.83,1907022317.7761924,1828338831.9333653,,165.227.58.96
35029,Lemon Clove Pte.Limited,"Santa Clara, CA",2020-08-20T21:09:28.602648Z,2.249006261808557,1.651,1806354065.4949062,1639050930.357232,,165.227.58.96
35029,Lemon Clove Pte.Limited,"Santa Clara, CA",2020-08-20T21:09:31.821290Z,2.249006261808557,1.77,1633724612.8910573,1769877230.9937842,,165.227.58.96
35030,Lemon Clove Pte.Limited,"Santa Clara, CA",2020-08-20T21:09:35.220063Z,2.249006261808557,1.783,1752911185.8905277,1738631477.2040615,,165.227.58.96
35029,Lemon Clove Pte.Limited,"Santa Clara, CA",2020-08-20T21:09:38.488824Z,2.249006261808557,1.541,754950579.2079123,1747414928.6697464,,165.227.58.96
35029,Lemon Clove Pte.Limited,"Santa Clara, CA",2020-08-20T21:09:44.199185Z,2.249006261808557,1.572,1198698076.3684578,1792695989.904261,,165.227.58.96
35029,Lemon Clove Pte.Limited,"Santa Clara, CA",2020-08-20T21:09:48.247915Z,2.249006261808557,1.706,1241343465.8273394,1641717583.653111,,165.227.58.96
35029,Lemon Clove Pte.Limited,"Santa Clara, CA",2020-08-20T21:09:52.290480Z,2.249006261808557,1.62,1412464539.4066288,1448249574.0216699,,165.227.58.96
35030,Lemon Clove Pte.Limited,"Santa Clara, CA",2020-08-20T21:09:56.097079Z,2.249006261808557,1.772,1575908187.2667952,1247512665.054149,,165.227.58.96
35029,Lemon Clove Pte.Limited,"Santa Clara, CA",2020-08-20T21:09:59.878736Z,2.249006261808557,1.626,270049093.3210228,1453645608.2409723,,165.227.58.96
35030,Lemon Clove Pte.Limited,"Santa Clara, CA",2020-08-20T21:10:11.722246Z,2.249006261808557,1.823,996333284.0802317,1475615394.7164912,,165.227.58.96
35029,Lemon Clove Pte.Limited,"Santa Clara, CA",2020-08-20T21:10:16.570715Z,2.249006261808557,1.706,1658422535.2420104,1668087589.5703754,,165.227.58.96
35029,Lemon Clove Pte.Limited,"Santa Clara, CA",2020-08-20T21:10:19.961591Z,2.249006261808557,1.632,1451048228.8375375,1710461716.943995,,165.227.58.96
35030,Lemon Clove Pte.Limited,"Santa Clara, CA",2020-08-20T21:10:23.602302Z,2.249006261808557,1.802,1939129097.449203,1395627677.473942,,165.227.58.96
35029,Lemon Clove Pte.Limited,"Santa Clara, CA",2020-08-20T21:10:26.928599Z,2.249006261808557,1.819,1530496959.8945267,1254192750.241826,,165.227.58.96
35030,Lemon Clove Pte.Limited,"Santa Clara, CA",2020-08-20T21:10:30.731941Z,2.249006261808557,1.751,1879747564.7217398,1383533210.5234115,,165.227.58.96
35029,Lemon Clove Pte.Limited,"Santa Clara, CA",2020-08-20T21:10:34.052369Z,2.249006261808557,1.888,1713235787.7731717,1556055356.74873,,165.227.58.96
35029,Lemon Clove Pte.Limited,"Santa Clara, CA",2020-08-20T21:10:37.435862Z,2.249006261808557,1.577,1738022123.815024,1485896157.3894472,,165.227.58.96
35029,Lemon Clove Pte.Limited,"Santa Clara, CA",2020-08-20T21:10:40.777241Z,2.249006261808557,1.654,915579934.0770187,1159770763.6242445,,165.227.58.96
35029,Lemon Clove Pte.Limited,"Santa Clara, CA",2020-08-20T21:10:46.092749Z,2.249006261808557,1.548,1597269311.7975593,1485118041.0523505,,165.227.58.96
35029,Lemon Clove Pte.Limited,"Santa Clara, CA",2020-08-20T21:10:49.607027Z,2.249006261808557,1.587,1513333507.1061351,1542593858.1735282,,165.227.58.96
35029,Lemon Clove Pte.Limited,"Santa Clara, CA",2020-08-20T21:10:53.253211Z,2.249006261808557,1.666,1834069051.7929752,1232813166.405452,,165.227.58.96
35029,Lemon Clove Pte.Limited,"Santa Clara, CA",2020-08-20T21:10:56.701575Z,2.249006261808557,1.694,1289314030.7462375,1407960147.9649947,,165.227.58.96
35030,Lemon Clove Pte.Limited,"Santa Clara, CA",2020-08-20T21:11:00.838994Z,2.249006261808557,1.751,1719082610.868795,1592742081.905512,,165.227.58.96
35029,Lemon Clove Pte.Limited,"Santa Clara, CA",2020-08-20T21:11:04.198306Z,2.249006261808557,1.602,1680373091.5212944,1115998984.0271983,,165.227.58.96
35030,Lemon Clove Pte.Limited,"Santa Clara, CA",2020-08-20T21:11:07.964124Z,2.249006261808557,2.09,1974720227.7393808,1400267317.5056932,,165.227.58.96
35029,Lemon Clove Pte.Limited,"Santa Clara, CA",2020-08-20T21:11:11.207364Z,2.249006261808557,1.761,1870176504.810969,1317418222.65905,,165.227.58.96
35029,Lemon Clove Pte.Limited,"Santa Clara, CA",2020-08-20T21:11:14.585116Z,2.249006261808557,1.632,1800056363.8122735,1527336316.2165716,,165.227.58.96
35029,Lemon Clove Pte.Limited,"Santa Clara, CA",2020-08-20T21:11:17.892649Z,2.249006261808557,1.605,1696451869.2451258,1604522956.2048619,,165.227.58.96
35030,Lemon Clove Pte.Limited,"Santa Clara, CA",2020-08-20T21:11:21.256957Z,2.249006261808557,1.703,1594433245.3882492,1892262982.622873,,165.227.58.96
35029,Lemon Clove Pte.Limited,"Santa Clara, CA",2020-08-20T21:11:24.635431Z,2.249006261808557,1.681,1725472362.3206537,1408878057.7409685,,165.227.58.96
35030,Lemon Clove Pte.Limited,"Santa Clara, CA",2020-08-20T21:11:28.120407Z,2.249006261808557,1.908,1684956448.0752943,1803117112.2017374,,165.227.58.96
35029,Lemon Clove Pte.Limited,"Santa Clara, CA",2020-08-20T21:11:31.469915Z,2.249006261808557,1.819,1683894116.948523,1457678198.1811075,,165.227.58.96
35030,Lemon Clove Pte.Limited,"Santa Clara, CA",2020-08-20T21:11:34.935860Z,2.249006261808557,1.803,1836945486.1531978,1667509352.6158838,,165.227.58.96
35029,Lemon Clove Pte.Limited,"Santa Clara, CA",2020-08-20T21:11:38.153961Z,2.249006261808557,1.685,1750806181.2471256,1749740080.8312068,,165.227.58.96
35029,Lemon Clove Pte.Limited,"Santa Clara, CA",2020-08-20T21:11:41.414585Z,2.249006261808557,1.637,1596486418.9593236,1114109669.3554997,,165.227.58.96
35029,Lemon Clove Pte.Limited,"Santa Clara, CA",2020-08-20T21:11:45.271579Z,2.249006261808557,1.891,1394108985.3433301,1406357776.0279367,,165.227.58.96
35030,Lemon Clove Pte.Limited,"Santa Clara, CA",2020-08-20T21:11:49.191484Z,2.249006261808557,1.653,1749328548.3847313,1638450519.470586,,165.227.58.96
35029,Lemon Clove Pte.Limited,"Santa Clara, CA",2020-08-20T21:11:52.473047Z,2.249006261808557,1.698,1750258832.0276856,1629072776.6676106,,165.227.58.96
35029,Lemon Clove Pte.Limited,"Santa Clara, CA",2020-08-20T21:11:55.798785Z,2.249006261808557,1.533,1854071122.8347366,1502952116.3290646,,165.227.58.96
35029,Lemon Clove Pte.Limited,"Santa Clara, CA",2020-08-20T21:12:00.060747Z,2.249006261808557,1.683,1754552382.4513767,1356434177.0665753,,165.227.58.96
35029,Lemon Clove Pte.Limited,"Santa Clara, CA",2020-08-20T21:12:03.513669Z,2.249006261808557,1.623,1549737773.2498465,1658254084.983503,,165.227.58.96
35029,Lemon Clove Pte.Limited,"Santa Clara, CA",2020-08-20T21:12:07.025042Z,2.249006261808557,1.572,1699856888.5780258,1411161926.6737957,,165.227.58.96
35029,Lemon Clove Pte.Limited,"Santa Clara, CA",2020-08-20T21:12:10.534021Z,2.249006261808557,3.312,1695986633.4756527,1581508498.1374915,,165.227.58.96
35029,Lemon Clove Pte.Limited,"Santa Clara, CA",2020-08-20T21:12:13.959104Z,2.249006261808557,1.654,1505183207.7461486,1242411108.8100693,,165.227.58.96
35029,Lemon Clove Pte.Limited,"Santa Clara, CA",2020-08-20T21:12:17.847209Z,2.249006261808557,1.549,1896007461.6584325,1321511177.6119387,,165.227.58.96
35029,Lemon Clove Pte.Limited,"Santa Clara, CA",2020-08-20T21:12:21.283970Z,2.249006261808557,1.652,1777189223.7586315,1581862478.822278,,165.227.58.96
35029,Lemon Clove Pte.Limited,"Santa Clara, CA",2020-08-20T21:12:24.594424Z,2.249006261808557,1.737,1689750171.4582064,1568483207.3507588,,165.227.58.96
35029,Lemon Clove Pte.Limited,"Santa Clara, CA",2020-08-20T21:12:28.092430Z,2.249006261808557,1.724,1729639117.9155014,1781260121.9047103,,165.227.58.96
35029,Lemon Clove Pte.Limited,"Santa Clara, CA",2020-08-20T21:12:31.391453Z,2.249006261808557,1.676,1829953958.508845,1499126998.6745934,,165.227.58.96
35029,Lemon Clove Pte.Limited,"Santa Clara, CA",2020-08-20T21:12:34.680560Z,2.249006261808557,1.653,1834265478.6828883,1552858562.0939322,,165.227.58.96
35029,Lemon Clove Pte.Limited,"Santa Clara, CA",2020-08-20T21:12:37.961104Z,2.249006261808557,1.605,1972826831.5807981,1643368874.0272152,,165.227.58.96
35029,Lemon Clove Pte.Limited,"Santa Clara, CA",2020-08-20T21:12:41.053695Z,2.249006261808557,1.597,1814804988.2964768,1442245522.7628694,,165.227.58.96
35029,Lemon Clove Pte.Limited,"Santa Clara, CA",2020-08-20T21:12:44.441626Z,2.249006261808557,1.647,1702950801.3765483,1552035598.406595,,165.227.58.96
35029,Lemon Clove Pte.Limited,"Santa Clara, CA",2020-08-20T21:12:47.864708Z,2.249006261808557,1.714,1968400789.597789,1474971883.3361022,,165.227.58.96
35029,Lemon Clove Pte.Limited,"Santa Clara, CA",2020-08-20T21:12:51.076317Z,2.249006261808557,1.71,1911946106.4064276,1717391679.124087,,165.227.58.96
35030,Lemon Clove Pte.Limited,"Santa Clara, CA",2020-08-20T21:12:54.171135Z,2.249006261808557,1.817,1536707001.3436723,1788643722.782118,,165.227.58.96
35029,Lemon Clove Pte.Limited,"Santa Clara, CA",2020-08-20T21:12:57.654794Z,2.249006261808557,1.713,1337696695.9497724,1360126464.478927,,165.227.58.96
35029,Lemon Clove Pte.Limited,"Santa Clara, CA",2020-08-20T21:13:01.712398Z,2.249006261808557,1.671,1493466952.664444,1696844331.049806,,165.227.58.96
35029,Lemon Clove Pte.Limited,"Santa Clara, CA",2020-08-20T21:13:05.322111Z,2.249006261808557,1.635,1403447584.6501467,1714319470.9995742,,165.227.58.96
35029,Lemon Clove Pte.Limited,"Santa Clara, CA",2020-08-20T21:13:09.094192Z,2.249006261808557,2.101,1738144559.0968487,1671816946.0898705,,165.227.58.96
35029,Lemon Clove Pte.Limited,"Santa Clara, CA",2020-08-20T21:13:12.463941Z,2.249006261808557,1.632,1638741233.617837,1463131136.734274,,165.227.58.96
35029,Lemon Clove Pte.Limited,"Santa Clara, CA",2020-08-20T21:13:16.071820Z,2.249006261808557,1.97,1779338910.7705808,217288755.67011532,,165.227.58.96
35029,Lemon Clove Pte.Limited,"Santa Clara, CA",2020-08-20T21:13:24.247315Z,2.249006261808557,1.603,1618830284.5667157,1258412649.441407,,165.227.58.96
35029,Lemon Clove Pte.Limited,"Santa Clara, CA",2020-08-20T21:13:28.101944Z,2.249006261808557,1.574,1805652046.7096114,1448891660.6744754,,165.227.58.96
35029,Lemon Clove Pte.Limited,"Santa Clara, CA",2020-08-20T21:13:31.470935Z,2.249006261808557,1.655,1603067609.2273083,1782178781.103581,,165.227.58.96
35029,Lemon Clove Pte.Limited,"Santa Clara, CA",2020-08-20T21:13:34.906743Z,2.249006261808557,1.829,1672990019.7540426,1056479461.6513518,,165.227.58.96
35029,Lemon Clove Pte.Limited,"Santa Clara, CA",2020-08-20T21:13:38.702018Z,2.249006261808557,1.741,1598348200.6956604,1644554257.1245344,,165.227.58.96
35030,Lemon Clove Pte.Limited,"Santa Clara, CA",2020-08-20T21:13:42.190064Z,2.249006261808557,1.79,1546562430.2542884,1749671034.6577322,,165.227.58.96
35030,Lemon Clove Pte.Limited,"Santa Clara, CA",2020-08-20T21:13:45.715679Z,2.249006261808557,1.724,1777115963.2055569,1642942644.0061069,,165.227.58.96
35029,Lemon Clove Pte.Limited,"Santa Clara, CA",2020-08-20T21:13:48.982872Z,2.249006261808557,1.672,1737692952.5460467,1643491810.0836241,,165.227.58.96
35029,Lemon Clove Pte.Limited,"Santa Clara, CA",2020-08-20T21:13:52.331127Z,2.249006261808557,1.59,1517852404.811385,1149529443.7852702,,165.227.58.96
35029,Lemon Clove Pte.Limited,"Santa Clara, CA",2020-08-20T21:13:56.264677Z,2.249006261808557,1.866,1825461356.252745,1365873527.0270174,,165.227.58.96
35029,Lemon Clove Pte.Limited,"Santa Clara, CA",2020-08-20T21:13:59.632454Z,2.249006261808557,1.67,1837697214.5280354,1292467270.7011597,,165.227.58.96
35029,Lemon Clove Pte.Limited,"Santa Clara, CA",2020-08-20T21:14:03.035155Z,2.249006261808557,1.597,1870767529.7182684,1578756407.806253,,165.227.58.96
35029,Lemon Clove Pte.Limited,"Santa Clara, CA",2020-08-20T21:14:06.219104Z,2.249006261808557,1.64,1880797677.162855,1539255417.198911,,165.227.58.96
35029,Lemon Clove Pte.Limited,"Santa Clara, CA",2020-08-20T21:14:09.466340Z,2.249006261808557,1.684,1879929689.9768758,1713341335.536128,,165.227.58.96
35029,Lemon Clove Pte.Limited,"Santa Clara, CA",2020-08-20T21:14:12.573866Z,2.249006261808557,1.587,1821729627.0698192,1705656751.808275,,165.227.58.96
35029,Lemon Clove Pte.Limited,"Santa Clara, CA",2020-08-20T21:14:15.793913Z,2.249006261808557,1.671,1542399312.0493608,1564708767.0172563,,165.227.58.96
35029,Lemon Clove Pte.Limited,"Santa Clara, CA",2020-08-20T21:14:19.363145Z,2.249006261808557,1.67,1708555359.522172,1469145651.71304,,165.227.58.96
35029,Lemon Clove Pte.Limited,"Santa Clara, CA",2020-08-20T21:14:22.775804Z,2.249006261808557,1.751,1584779584.2593706,1635116588.0904655,,165.227.58.96
35029,Lemon Clove Pte.Limited,"Santa Clara, CA",2020-08-20T21:14:26.257170Z,2.249006261808557,1.641,1834581834.7452054,1319697236.2098227,,165.227.58.96
35029,Lemon Clove Pte.Limited,"Santa Clara, CA",2020-08-20T21:14:29.631777Z,2.249006261808557,1.78,1959763362.16573,1531871232.5146341,,165.227.58.96
35029,Lemon Clove Pte.Limited,"Santa Clara, CA",2020-08-20T21:14:32.798413Z,2.249006261808557,1.709,1892300313.9284708,1304442345.7717533,,165.227.58.96
35030,Lemon Clove Pte.Limited,"Santa Clara, CA",2020-08-20T21:14:36.142232Z,2.249006261808557,1.77,1866353790.3239057,1591548908.1454196,,165.227.58.96
35029,Lemon Clove Pte.Limited,"Santa Clara, CA",2020-08-20T21:14:39.351144Z,2.249006261808557,1.616,1658632739.0726235,1760078255.9984498,,165.227.58.96
35029,Lemon Clove Pte.Limited,"Santa Clara, CA",2020-08-20T21:14:42.732305Z,2.249006261808557,1.728,1599017313.558817,1411865277.3287017,,165.227.58.96
35029,Lemon Clove Pte.Limited,"Santa Clara, CA",2020-08-20T21:14:46.344835Z,2.249006261808557,1.721,1877258011.8240345,1377149568.76203,,165.227.58.96
35029,Lemon Clove Pte.Limited,"Santa Clara, CA",2020-08-20T21:14:49.664730Z,2.249006261808557,1.747,1925664339.8300076,1561252778.0355353,,165.227.58.96
35030,Lemon Clove Pte.Limited,"Santa Clara, CA",2020-08-20T21:14:52.859733Z,2.249006261808557,1.84,1759396482.7313135,1912873842.2137933,,165.227.58.96
35029,Lemon Clove Pte.Limited,"Santa Clara, CA",2020-08-20T21:14:56.062602Z,2.249006261808557,2.32,1639496988.1752212,1551124814.5999224,,165.227.58.96
35030,Lemon Clove Pte.Limited,"Santa Clara, CA",2020-08-20T21:14:59.597725Z,2.249006261808557,1.798,1701924231.2273684,1225035867.671614,,165.227.58.96
35029,Lemon Clove Pte.Limited,"Santa Clara, CA",2020-08-20T21:15:03.310431Z,2.249006261808557,1.737,1725468428.7221396,1533752653.9713283,,165.227.58.96
35029,Lemon Clove Pte.Limited,"Santa Clara, CA",2020-08-20T21:15:06.693347Z,2.249006261808557,3.325,1701295901.389675,1225442057.0298886,,165.227.58.96
35029,Lemon Clove Pte.Limited,"Santa Clara, CA",2020-08-20T21:15:10.431755Z,2.249006261808557,1.891,1474175472.9901352,1166663803.7748632,,165.227.58.96
35029,Lemon Clove Pte.Limited,"Santa Clara, CA",2020-08-20T21:15:14.489088Z,2.249006261808557,1.838,1390081910.8056052,1590762492.4242864,,165.227.58.96
35030,Lemon Clove Pte.Limited,"Santa Clara, CA",2020-08-20T21:15:18.396114Z,2.249006261808557,1.675,1978565851.9955716,1556570589.2197368,,165.227.58.96
35030,Lemon Clove Pte.Limited,"Santa Clara, CA",2020-08-20T21:15:21.507856Z,2.249006261808557,1.83,1902082598.795251,1756504714.113449,,165.227.58.96
35029,Lemon Clove Pte.Limited,"Santa Clara, CA",2020-08-20T21:15:24.624231Z,2.249006261808557,1.682,1837519110.5785682,1513619644.57139,,165.227.58.96
35029,Lemon Clove Pte.Limited,"Santa Clara, CA",2020-08-20T21:15:27.877939Z,2.249006261808557,1.683,1582050657.7680752,1312575719.1816323,,165.227.58.96
35029,Lemon Clove Pte.Limited,"Santa Clara, CA",2020-08-20T21:15:31.588033Z,2.249006261808557,1.61,1913119389.3924267,1691441862.2710009,,165.227.58.96
35029,Lemon Clove Pte.Limited,"Santa Clara, CA",2020-08-20T21:15:34.720159Z,2.249006261808557,1.677,1570890314.8141413,1604198003.71707,,165.227.58.96
35030,Lemon Clove Pte.Limited,"Santa Clara, CA",2020-08-20T21:15:38.238181Z,2.249006261808557,1.781,1719657172.2100294,1435650570.3054245,,165.227.58.96
35029,Lemon Clove Pte.Limited,"Santa Clara, CA",2020-08-20T21:15:41.726192Z,2.249006261808557,1.739,1501165984.3128345,1577596537.1533165,,165.227.58.96
35029,Lemon Clove Pte.Limited,"Santa Clara, CA",2020-08-20T21:15:45.338931Z,2.249006261808557,1.649,1689787744.0450985,1463457904.930176,,165.227.58.96
35029,Lemon Clove Pte.Limited,"Santa Clara, CA",2020-08-20T21:15:48.811736Z,2.249006261808557,1.717,1735134157.9953315,1374899192.707036,,165.227.58.96
35029,Lemon Clove Pte.Limited,"Santa Clara, CA",2020-08-20T21:15:52.275755Z,2.249006261808557,1.677,1624029824.8734639,1547895477.793622,,165.227.58.96
35029,Lemon Clove Pte.Limited,"Santa Clara, CA",2020-08-20T21:15:55.858763Z,2.249006261808557,1.683,1776168698.6691487,1279521821.2222369,,165.227.58.96
35029,Lemon Clove Pte.Limited,"Santa Clara, CA",2020-08-20T21:15:59.396836Z,2.249006261808557,1.752,1611943907.2382114,1251217728.0683804,,165.227.58.96
35030,Lemon Clove Pte.Limited,"Santa Clara, CA",2020-08-20T21:16:03.181289Z,2.249006261808557,1.837,1441080300.4535952,1116379535.1567771,,165.227.58.96
35029,Lemon Clove Pte.Limited,"Santa Clara, CA",2020-08-20T21:16:07.347047Z,2.249006261808557,1.788,1836958339.7959635,1509340159.2037165,,165.227.58.96
35029,Lemon Clove Pte.Limited,"Santa Clara, CA",2020-08-20T21:16:10.612419Z,2.249006261808557,1.764,1609037606.6707823,1525974159.1065555,,165.227.58.96
35029,Lemon Clove Pte.Limited,"Santa Clara, CA",2020-08-20T21:16:14.110402Z,2.249006261808557,1.67,1837913705.8714921,1537184296.9402351,,165.227.58.96
35030,Lemon Clove Pte.Limited,"Santa Clara, CA",2020-08-20T21:16:17.403890Z,2.249006261808557,1.632,1784769403.877361,1310384354.2824066,,165.227.58.96
35030,Lemon Clove Pte.Limited,"Santa Clara, CA",2020-08-20T21:16:20.944813Z,2.249006261808557,1.693,1829427140.2114146,1992472536.2116852,,165.227.58.96
35030,Lemon Clove Pte.Limited,"Santa Clara, CA",2020-08-20T21:16:24.027302Z,2.249006261808557,2.082,1938315288.7013178,1654487080.3445208,,165.227.58.96
35030,Lemon Clove Pte.Limited,"Santa Clara, CA",2020-08-20T21:16:28.171781Z,2.249006261808557,1.759,1805939576.0534222,1594833939.1887667,,165.227.58.96
25606,Next Level Networks,"Santa Clara, CA",2020-08-20T21:16:31.461993Z,2.249006261808557,3.139,663350925.9924026,780484295.6077659,,165.227.58.96
25606,Next Level Networks,"Santa Clara, CA",2020-08-20T21:16:38.669608Z,2.249006261808557,4.715,757358012.4456022,757987307.0239131,,165.227.58.96
35030,Lemon Clove Pte.Limited,"Santa Clara, CA",2020-08-20T21:16:45.293317Z,2.249006261808557,1.779,1853310278.5371742,1694032793.436733,,165.227.58.96
35030,Lemon Clove Pte.Limited,"Santa Clara, CA",2020-08-20T21:16:48.480170Z,2.249006261808557,1.722,1686764723.034265,1169836897.8389542,,165.227.58.96
35030,Lemon Clove Pte.Limited,"Santa Clara, CA",2020-08-20T21:16:52.193541Z,2.249006261808557,1.898,1602454113.1774728,1777123465.0417378,,165.227.58.96
35030,Lemon Clove Pte.Limited,"Santa Clara, CA",2020-08-20T21:16:55.607921Z,2.249006261808557,1.834,1772042185.4860897,1918889888.3037298,,165.227.58.96
35029,Lemon Clove Pte.Limited,"Santa Clara, CA",2020-08-20T21:16:58.764249Z,2.249006261808557,1.538,1832810422.4879642,1465247852.386091,,165.227.58.96
35029,Lemon Clove Pte.Limited,"Santa Clara, CA",2020-08-20T21:17:02.145704Z,2.249006261808557,3.408,1774213608.0263686,1522050647.8560941,,165.227.58.96
35029,Lemon Clove Pte.Limited,"Santa Clara, CA",2020-08-20T21:17:05.487400Z,2.249006261808557,1.569,1864417783.5074015,1140250290.7009125,,165.227.58.96
35029,Lemon Clove Pte.Limited,"Santa Clara, CA",2020-08-20T21:17:09.059976Z,2.249006261808557,1.556,1625235391.827341,1355513944.6721718,,165.227.58.96
35029,Lemon Clove Pte.Limited,"Santa Clara, CA",2020-08-20T21:17:12.745885Z,2.249006261808557,1.637,1653165556.9917803,1354902053.4545486,,165.227.58.96
35029,Lemon Clove Pte.Limited,"Santa Clara, CA",2020-08-20T21:17:16.327069Z,2.249006261808557,1.699,1814354521.6993563,1519888059.7803311,,165.227.58.96
35029,Lemon Clove Pte.Limited,"Santa Clara, CA",2020-08-20T21:17:19.609367Z,2.249006261808557,2.053,1667462888.3076,1605252110.2054763,,165.227.58.96
35029,Lemon Clove Pte.Limited,"Santa Clara, CA",2020-08-20T21:17:22.985911Z,2.249006261808557,1.61,969704430.8197547,1715245327.6105933,,165.227.58.96
35029,Lemon Clove Pte.Limited,"Santa Clara, CA",2020-08-20T21:17:27.763559Z,2.249006261808557,2.036,1323463557.3102558,1655579617.0560987,,165.227.58.96
35029,Lemon Clove Pte.Limited,"Santa Clara, CA",2020-08-20T21:17:31.706771Z,2.249006261808557,1.753,1575134731.1296415,1444317280.6947708,,165.227.58.96
35029,Lemon Clove Pte.Limited,"Santa Clara, CA",2020-08-20T21:17:35.355605Z,2.249006261808557,1.762,1671602965.2723742,1543868893.4486363,,165.227.58.96
35029,Lemon Clove Pte.Limited,"Santa Clara, CA",2020-08-20T21:17:38.805843Z,2.249006261808557,1.66,1767163015.1295214,1633863508.954918,,165.227.58.96
35029,Lemon Clove Pte.Limited,"Santa Clara, CA",2020-08-20T21:17:42.133641Z,2.249006261808557,1.57,1927312837.383765,1568409856.3779006,,165.227.58.96
35030,Lemon Clove Pte.Limited,"Santa Clara, CA",2020-08-20T21:17:45.336618Z,2.249006261808557,1.871,1683266204.6242917,1616053952.0324771,,165.227.58.96
35029,Lemon Clove Pte.Limited,"Santa Clara, CA",2020-08-20T21:17:48.781536Z,2.249006261808557,1.745,1842940428.7564263,1726448559.1952806,,165.227.58.96
35029,Lemon Clove Pte.Limited,"Santa Clara, CA",2020-08-20T21:17:51.945068Z,2.249006261808557,1.655,1871203079.6840253,1588463134.622386,,165.227.58.96
35029,Lemon Clove Pte.Limited,"Santa Clara, CA",2020-08-20T21:17:55.117006Z,2.249006261808557,1.647,1756166069.425649,1633429342.347454,,165.227.58.96
35029,Lemon Clove Pte.Limited,"Santa Clara, CA",2020-08-20T21:17:58.376748Z,2.249006261808557,1.657,1661171382.9360127,1275879071.614477,,165.227.58.96
35029,Lemon Clove Pte.Limited,"Santa Clara, CA",2020-08-20T21:18:02.026542Z,2.249006261808557,1.785,1725363169.6479752,212776322.87724736,,165.227.58.96
35029,Lemon Clove Pte.Limited,"Santa Clara, CA",2020-08-20T21:18:10.346228Z,2.249006261808557,1.97,1610808977.2811635,1654690642.336615,,165.227.58.96
35029,Lemon Clove Pte.Limited,"Santa Clara, CA",2020-08-20T21:18:14.866631Z,2.249006261808557,1.717,1602116475.0282414,1579545511.7125862,,165.227.58.96
35029,Lemon Clove Pte.Limited,"Santa Clara, CA",2020-08-20T21:18:18.396709Z,2.249006261808557,3.199,1803183201.8014076,1628175765.1972837,,165.227.58.96
35029,Lemon Clove Pte.Limited,"Santa Clara, CA",2020-08-20T21:18:21.672825Z,2.249006261808557,1.64,1923871969.0505073,1638265524.718687,,165.227.58.96
35029,Lemon Clove Pte.Limited,"Santa Clara, CA",2020-08-20T21:18:24.813218Z,2.249006261808557,1.648,1650947770.1099868,1382510152.3708909,,165.227.58.96
35029,Lemon Clove Pte.Limited,"Santa Clara, CA",2020-08-20T21:18:28.523909Z,2.249006261808557,1.539,1874517075.0663662,1279853543.2573252,,165.227.58.96
35029,Lemon Clove Pte.Limited,"Santa Clara, CA",2020-08-20T21:18:31.909593Z,2.249006261808557,1.964,1765779836.172639,1625515016.2382388,,165.227.58.96
35029,Lemon Clove Pte.Limited,"Santa Clara, CA",2020-08-20T21:18:35.209768Z,2.249006261808557,1.627,1960345105.565992,1573783271.8348207,,165.227.58.96
35029,Lemon Clove Pte.Limited,"Santa Clara, CA",2020-08-20T21:18:38.378672Z,2.249006261808557,1.957,1571023806.674872,1559153041.4670873,,165.227.58.96
35030,Lemon Clove Pte.Limited,"Santa Clara, CA",2020-08-20T21:18:41.961373Z,2.249006261808557,1.671,1864875490.0334501,1715391026.5424438,,165.227.58.96
35030,Lemon Clove Pte.Limited,"Santa Clara, CA",2020-08-20T21:18:45.137280Z,2.249006261808557,1.653,2049255703.2219796,1790195447.0472734,,165.227.58.96
35030,Lemon Clove Pte.Limited,"Santa Clara, CA",2020-08-20T21:18:48.104304Z,2.249006261808557,1.967,1803665332.746723,1572026913.3027866,,165.227.58.96
35030,Lemon Clove Pte.Limited,"Santa Clara, CA",2020-08-20T21:18:51.436520Z,2.249006261808557,1.739,1992575113.9500084,1674295521.0572665,,165.227.58.96
35029,Lemon Clove Pte.Limited,"Santa Clara, CA",2020-08-20T21:18:54.518183Z,2.249006261808557,1.594,1784299129.8423696,1568704671.8491576,,165.227.58.96
35030,Lemon Clove Pte.Limited,"Santa Clara, CA",2020-08-20T21:18:57.838797Z,2.249006261808557,1.785,1735429000.0561361,1360667013.9551828,,165.227.58.96
35029,Lemon Clove Pte.Limited,"Santa Clara, CA",2020-08-20T21:19:01.389827Z,2.249006261808557,1.794,1289841406.5716655,939598945.7809786,,165.227.58.96
35029,Lemon Clove Pte.Limited,"Santa Clara, CA",2020-08-20T21:19:05.998808Z,2.249006261808557,1.786,1851229136.1860564,1527354023.3798685,,165.227.58.96
35029,Lemon Clove Pte.Limited,"Santa Clara, CA",2020-08-20T21:19:09.286324Z,2.249006261808557,1.843,1807767769.812426,1511704434.1960537,,165.227.58.96
35029,Lemon Clove Pte.Limited,"Santa Clara, CA",2020-08-20T21:19:12.576704Z,2.249006261808557,1.611,1851888385.221314,1358149539.642094,,165.227.58.96
35029,Lemon Clove Pte.Limited,"Santa Clara, CA",2020-08-20T21:19:15.986943Z,2.249006261808557,1.842,1643252077.8341115,1613781435.3272977,,165.227.58.96
